column0,Iteration,Time,Fitness,FEvals,Population Size,Mutation Rate,max_iters
2051,0,0.002060207999988961,24.0,150.0,150,0.6,2048
2052,1,0.007850415999996585,30.0,302.0,150,0.6,2048
2053,2,0.012678707999953076,32.0,454.0,150,0.6,2048
2054,3,0.0176483749999079,32.0,605.0,150,0.6,2048
2055,4,0.020809332999988328,32.0,756.0,150,0.6,2048
2056,5,0.025537832999930288,32.0,907.0,150,0.6,2048
2057,6,0.028477665999957935,35.0,1059.0,150,0.6,2048
2058,7,0.03146183299998029,35.0,1210.0,150,0.6,2048
2059,8,0.03446470799997314,35.0,1361.0,150,0.6,2048
2060,9,0.038698457999998936,35.0,1512.0,150,0.6,2048
2061,10,0.04153249999990294,35.0,1663.0,150,0.6,2048
2062,11,0.044641832999900544,35.0,1814.0,150,0.6,2048
2063,12,0.047572749999972075,35.0,1965.0,150,0.6,2048
2064,13,0.050382499999955144,35.0,2116.0,150,0.6,2048
2065,14,0.05319829099994422,36.0,2268.0,150,0.6,2048
2066,15,0.05618599999991147,37.0,2420.0,150,0.6,2048
2067,16,0.05902533299990864,37.0,2571.0,150,0.6,2048
2068,17,0.06311237499994604,37.0,2722.0,150,0.6,2048
2069,18,0.06603762499992172,37.0,2873.0,150,0.6,2048
2070,19,0.06927570799996374,37.0,3024.0,150,0.6,2048
2071,20,0.07225633299992751,37.0,3175.0,150,0.6,2048
2072,21,0.0752205829999184,37.0,3326.0,150,0.6,2048
2073,22,0.07820362499990097,37.0,3477.0,150,0.6,2048
2074,23,0.08132883299992955,37.0,3628.0,150,0.6,2048
2075,24,0.08441462499990848,37.0,3779.0,150,0.6,2048
2076,25,0.08721504099992217,37.0,3930.0,150,0.6,2048
2077,26,0.0901969999999892,37.0,4081.0,150,0.6,2048
2078,27,0.09314962499990997,37.0,4232.0,150,0.6,2048
2079,28,0.09612162499990973,37.0,4383.0,150,0.6,2048
2080,29,0.09907724999993661,37.0,4534.0,150,0.6,2048
2081,30,0.10196174999998675,37.0,4685.0,150,0.6,2048
2082,31,0.10482445799993911,37.0,4836.0,150,0.6,2048
2083,32,0.10766541599991797,37.0,4987.0,150,0.6,2048
2084,33,0.11251783299996987,37.0,5138.0,150,0.6,2048
2085,34,0.11546408300000621,37.0,5289.0,150,0.6,2048
2086,35,0.11830729099995096,37.0,5440.0,150,0.6,2048
2087,36,0.12148545799993826,37.0,5591.0,150,0.6,2048
2088,37,0.12447783299990078,37.0,5742.0,150,0.6,2048
2089,38,0.12744816599990827,37.0,5893.0,150,0.6,2048
2090,39,0.13039691599999514,37.0,6044.0,150,0.6,2048
2091,40,0.1333462499999314,37.0,6195.0,150,0.6,2048
2092,41,0.1362717499999917,37.0,6346.0,150,0.6,2048
2093,42,0.13917091599989817,37.0,6497.0,150,0.6,2048
2094,43,0.14200208299996575,37.0,6648.0,150,0.6,2048
2095,44,0.14493383299998186,37.0,6799.0,150,0.6,2048
2096,45,0.14777516599997398,37.0,6950.0,150,0.6,2048
2097,46,0.15060862499990435,37.0,7101.0,150,0.6,2048
2098,47,0.15348004099996615,37.0,7252.0,150,0.6,2048
2099,48,0.15641649999997753,37.0,7403.0,150,0.6,2048
2100,49,0.15936858299994583,37.0,7554.0,150,0.6,2048
2101,50,0.1623421659999167,37.0,7705.0,150,0.6,2048
2102,51,0.1653089579999687,37.0,7856.0,150,0.6,2048
2103,52,0.16824062499995307,37.0,8007.0,150,0.6,2048
2104,53,0.17116729099996064,37.0,8158.0,150,0.6,2048
2105,54,0.17410674999996445,37.0,8309.0,150,0.6,2048
2106,55,0.177076833000001,37.0,8460.0,150,0.6,2048
2107,56,0.18007441599991125,37.0,8611.0,150,0.6,2048
2108,57,0.18295566599999802,37.0,8762.0,150,0.6,2048
2109,58,0.1858393329999899,37.0,8913.0,150,0.6,2048
2110,59,0.1887786249999408,37.0,9064.0,150,0.6,2048
2111,60,0.19172929100000147,37.0,9215.0,150,0.6,2048
2112,61,0.19468124999991687,37.0,9366.0,150,0.6,2048
2113,62,0.19775720799998453,37.0,9517.0,150,0.6,2048
2114,63,0.2007675829999016,37.0,9668.0,150,0.6,2048
2115,64,0.2036307079999915,37.0,9819.0,150,0.6,2048
2116,65,0.2089083749999645,37.0,9970.0,150,0.6,2048
2117,66,0.21182883299991317,37.0,10121.0,150,0.6,2048
2118,67,0.2147976659999813,37.0,10272.0,150,0.6,2048
2119,68,0.2178622499999392,37.0,10423.0,150,0.6,2048
2120,69,0.22073404099990057,37.0,10574.0,150,0.6,2048
2121,70,0.22352599999999256,37.0,10725.0,150,0.6,2048
2122,71,0.22630308299994795,37.0,10876.0,150,0.6,2048
2123,72,0.22915704100000767,37.0,11027.0,150,0.6,2048
2124,73,0.23201099999994312,37.0,11178.0,150,0.6,2048
2125,74,0.23483499999997548,37.0,11329.0,150,0.6,2048
2126,75,0.23764237499995033,37.0,11480.0,150,0.6,2048
2127,76,0.24046162499996626,37.0,11631.0,150,0.6,2048
2128,77,0.2433064580000064,37.0,11782.0,150,0.6,2048
2129,78,0.24621879099993293,37.0,11933.0,150,0.6,2048
2130,79,0.2490568749999511,37.0,12084.0,150,0.6,2048
2131,80,0.2518612909999547,37.0,12235.0,150,0.6,2048
2132,81,0.25467712499994377,37.0,12386.0,150,0.6,2048
2133,82,0.2574626249999028,37.0,12537.0,150,0.6,2048
2134,83,0.2602334579999024,37.0,12688.0,150,0.6,2048
2135,84,0.2630057079999233,37.0,12839.0,150,0.6,2048
2136,85,0.2657825409999077,37.0,12990.0,150,0.6,2048
2137,86,0.2685537079998994,37.0,13141.0,150,0.6,2048
2138,87,0.2713354579999532,37.0,13292.0,150,0.6,2048
2139,88,0.27415879099999074,37.0,13443.0,150,0.6,2048
2140,89,0.27698562499995205,37.0,13594.0,150,0.6,2048
2141,90,0.2798115829999688,37.0,13745.0,150,0.6,2048
2142,91,0.28283954099993025,37.0,13896.0,150,0.6,2048
2143,92,0.2857202079999297,37.0,14047.0,150,0.6,2048
2144,93,0.2885226659999489,37.0,14198.0,150,0.6,2048
2145,94,0.2912938329999406,37.0,14349.0,150,0.6,2048
2146,95,0.2940734579999571,37.0,14500.0,150,0.6,2048
2147,96,0.29684179099990615,37.0,14651.0,150,0.6,2048
2148,97,0.29961612499994317,37.0,14802.0,150,0.6,2048
2149,98,0.3023926659999461,37.0,14953.0,150,0.6,2048
2150,99,0.30516783299992767,37.0,15104.0,150,0.6,2048
2151,100,0.3079884999999649,37.0,15255.0,150,0.6,2048
2152,101,0.3108225409999932,37.0,15406.0,150,0.6,2048
2153,102,0.31369949999998425,37.0,15557.0,150,0.6,2048
2154,103,0.31656024999995225,37.0,15708.0,150,0.6,2048
2155,104,0.31942079099997045,37.0,15859.0,150,0.6,2048
2156,105,0.32226329099989925,37.0,16010.0,150,0.6,2048
2157,106,0.32508804099995814,37.0,16161.0,150,0.6,2048
2158,107,0.3279507909999211,37.0,16312.0,150,0.6,2048
2159,108,0.33075062499995056,37.0,16463.0,150,0.6,2048
2160,109,0.3335887079999793,37.0,16614.0,150,0.6,2048
2161,110,0.3364239999999654,37.0,16765.0,150,0.6,2048
2162,111,0.33924195800000234,37.0,16916.0,150,0.6,2048
2163,112,0.34206812499996886,37.0,17067.0,150,0.6,2048
2164,113,0.34491449999995893,37.0,17218.0,150,0.6,2048
2165,114,0.3477946659999134,37.0,17369.0,150,0.6,2048
2166,115,0.3506141249999928,37.0,17520.0,150,0.6,2048
2167,116,0.35349858299991865,37.0,17671.0,150,0.6,2048
2168,117,0.3563294999999016,37.0,17822.0,150,0.6,2048
2169,118,0.35915329099998416,37.0,17973.0,150,0.6,2048
2170,119,0.3620181249999632,37.0,18124.0,150,0.6,2048
2171,120,0.3648257909999302,37.0,18275.0,150,0.6,2048
2172,121,0.3676617499999111,37.0,18426.0,150,0.6,2048
2173,122,0.3704835409999987,37.0,18577.0,150,0.6,2048
2174,123,0.3733130829999709,37.0,18728.0,150,0.6,2048
2175,124,0.37615166599994154,37.0,18879.0,150,0.6,2048
2176,125,0.3790854579999632,37.0,19030.0,150,0.6,2048
2177,126,0.38195633299994824,37.0,19181.0,150,0.6,2048
2178,127,0.3847601659999782,37.0,19332.0,150,0.6,2048
2179,128,0.38753650000001016,37.0,19483.0,150,0.6,2048
2180,129,0.3926265829999238,37.0,19634.0,150,0.6,2048
2181,130,0.39544916599993485,37.0,19785.0,150,0.6,2048
2182,131,0.3982781659999546,37.0,19936.0,150,0.6,2048
2183,132,0.40112983299991356,37.0,20087.0,150,0.6,2048
2184,133,0.40395158299998,37.0,20238.0,150,0.6,2048
2185,134,0.4067752500000097,37.0,20389.0,150,0.6,2048
2186,135,0.40963570799999616,37.0,20540.0,150,0.6,2048
2187,136,0.41257520799990743,37.0,20691.0,150,0.6,2048
2188,137,0.415456165999899,37.0,20842.0,150,0.6,2048
2189,138,0.41827108299992233,37.0,20993.0,150,0.6,2048
2190,139,0.42103095799996026,37.0,21144.0,150,0.6,2048
2191,140,0.4238135829999692,37.0,21295.0,150,0.6,2048
2192,141,0.4265954579999516,37.0,21446.0,150,0.6,2048
2193,142,0.4293879999999035,37.0,21597.0,150,0.6,2048
2194,143,0.43218479099994056,37.0,21748.0,150,0.6,2048
2195,144,0.434959082999967,37.0,21899.0,150,0.6,2048
2196,145,0.437759999999912,37.0,22050.0,150,0.6,2048
2197,146,0.4405301659999168,37.0,22201.0,150,0.6,2048
2198,147,0.4433311660000072,37.0,22352.0,150,0.6,2048
2199,148,0.4461679999999433,37.0,22503.0,150,0.6,2048
2200,149,0.44894729099996766,37.0,22654.0,150,0.6,2048
2201,150,0.45170391599992854,37.0,22805.0,150,0.6,2048
2202,151,0.45448191599996335,37.0,22956.0,150,0.6,2048
2203,152,0.45725199999992583,37.0,23107.0,150,0.6,2048
2204,153,0.4600257499999998,37.0,23258.0,150,0.6,2048
2205,154,0.46281904099998883,37.0,23409.0,150,0.6,2048
2206,155,0.4655737909999971,37.0,23560.0,150,0.6,2048
2207,156,0.46844974999999067,37.0,23711.0,150,0.6,2048
2208,157,0.471264999999903,37.0,23862.0,150,0.6,2048
2209,158,0.4740549999999075,37.0,24013.0,150,0.6,2048
2210,159,0.476900999999998,37.0,24164.0,150,0.6,2048
2211,160,0.4798289999999952,37.0,24315.0,150,0.6,2048
2212,161,0.48273216600000524,37.0,24466.0,150,0.6,2048
2213,162,0.4855396659999087,37.0,24617.0,150,0.6,2048
2214,163,0.4883542499999294,37.0,24768.0,150,0.6,2048
2215,164,0.4911623329999202,37.0,24919.0,150,0.6,2048
2216,165,0.49394104099997094,37.0,25070.0,150,0.6,2048
2217,166,0.49671504099990216,37.0,25221.0,150,0.6,2048
2218,167,0.4994891659999894,37.0,25372.0,150,0.6,2048
2219,168,0.5022772080000095,37.0,25523.0,150,0.6,2048
2220,169,0.5050787909999599,37.0,25674.0,150,0.6,2048
2221,170,0.5078732499999887,37.0,25825.0,150,0.6,2048
2222,171,0.5107865409999022,37.0,25976.0,150,0.6,2048
2223,172,0.5137377080000078,37.0,26127.0,150,0.6,2048
2224,173,0.5165457499999775,37.0,26278.0,150,0.6,2048
2225,174,0.5193308749999233,37.0,26429.0,150,0.6,2048
2226,175,0.5223184159999619,37.0,26580.0,150,0.6,2048
2227,176,0.5251739999999927,37.0,26731.0,150,0.6,2048
2228,177,0.5279854579999892,37.0,26882.0,150,0.6,2048
2229,178,0.5307939580000038,37.0,27033.0,150,0.6,2048
2230,179,0.5335984579999149,37.0,27184.0,150,0.6,2048
2231,180,0.5364109579999194,37.0,27335.0,150,0.6,2048
2232,181,0.5392237080000086,37.0,27486.0,150,0.6,2048
2233,182,0.5420440829999507,37.0,27637.0,150,0.6,2048
2234,183,0.5448874579999483,37.0,27788.0,150,0.6,2048
2235,184,0.5477331659999436,37.0,27939.0,150,0.6,2048
2236,185,0.5505290829999012,37.0,28090.0,150,0.6,2048
2237,186,0.5533130409999103,37.0,28241.0,150,0.6,2048
2238,187,0.5561054579999336,37.0,28392.0,150,0.6,2048
2239,188,0.5589475409999523,37.0,28543.0,150,0.6,2048
2240,189,0.561791499999913,37.0,28694.0,150,0.6,2048
2241,190,0.5646154999999453,37.0,28845.0,150,0.6,2048
2242,191,0.567467499999907,37.0,28996.0,150,0.6,2048
2243,192,0.5703192909999188,37.0,29147.0,150,0.6,2048
2244,193,0.573165999999901,37.0,29298.0,150,0.6,2048
2245,194,0.5760557079998989,37.0,29449.0,150,0.6,2048
2246,195,0.5789159159999144,37.0,29600.0,150,0.6,2048
2247,196,0.5822162910000088,37.0,29751.0,150,0.6,2048
2248,197,0.5852845409999645,37.0,29902.0,150,0.6,2048
2249,198,0.5882012909999048,37.0,30053.0,150,0.6,2048
2250,199,0.5910224159999871,37.0,30204.0,150,0.6,2048
2251,200,0.5937957079999023,37.0,30355.0,150,0.6,2048
2252,201,0.5966195830000061,37.0,30506.0,150,0.6,2048
2253,202,0.5994127909999634,37.0,30657.0,150,0.6,2048
2254,203,0.6022197080000069,37.0,30808.0,150,0.6,2048
2255,204,0.6050127499999007,37.0,30959.0,150,0.6,2048
2256,205,0.6078040829999054,37.0,31110.0,150,0.6,2048
2257,206,0.6107942909999338,37.0,31261.0,150,0.6,2048
2258,207,0.613656624999976,37.0,31412.0,150,0.6,2048
2259,208,0.6164468749999514,37.0,31563.0,150,0.6,2048
2260,209,0.619238457999927,37.0,31714.0,150,0.6,2048
2261,210,0.6222223749999785,37.0,31865.0,150,0.6,2048
2262,211,0.6250222909999366,37.0,32016.0,150,0.6,2048
2263,212,0.6278415409999525,37.0,32167.0,150,0.6,2048
2264,213,0.6306671659999665,37.0,32318.0,150,0.6,2048
2265,214,0.6334382499999265,37.0,32469.0,150,0.6,2048
2266,215,0.6362446249999039,37.0,32620.0,150,0.6,2048
2267,216,0.6390461249999362,37.0,32771.0,150,0.6,2048
2268,217,0.6418437499999072,37.0,32922.0,150,0.6,2048
2269,218,0.6446713749999162,37.0,33073.0,150,0.6,2048
2270,219,0.6474986659999331,37.0,33224.0,150,0.6,2048
2271,220,0.650301958,37.0,33375.0,150,0.6,2048
2272,221,0.6531080409999959,37.0,33526.0,150,0.6,2048
2273,222,0.6559000409999953,37.0,33677.0,150,0.6,2048
2274,223,0.6587191659999689,37.0,33828.0,150,0.6,2048
2275,224,0.6615608329999532,37.0,33979.0,150,0.6,2048
2276,225,0.664417415999992,37.0,34130.0,150,0.6,2048
2277,226,0.6672606249999262,37.0,34281.0,150,0.6,2048
2278,227,0.6700910409999778,37.0,34432.0,150,0.6,2048
2279,228,0.6729391249999708,37.0,34583.0,150,0.6,2048
2280,229,0.6757738329999938,37.0,34734.0,150,0.6,2048
2281,230,0.6788389999999254,37.0,34885.0,150,0.6,2048
2282,231,0.6816920829999162,37.0,35036.0,150,0.6,2048
2283,232,0.6844895829999587,37.0,35187.0,150,0.6,2048
2284,233,0.687437374999945,37.0,35338.0,150,0.6,2048
2285,234,0.6904225829999859,37.0,35489.0,150,0.6,2048
2286,235,0.693234082999993,37.0,35640.0,150,0.6,2048
2287,236,0.6960247079999817,37.0,35791.0,150,0.6,2048
2288,237,0.6988184159999946,37.0,35942.0,150,0.6,2048
2289,238,0.7016314999999622,37.0,36093.0,150,0.6,2048
2290,239,0.7044266249999964,37.0,36244.0,150,0.6,2048
2291,240,0.707219499999951,37.0,36395.0,150,0.6,2048
2292,241,0.7100222909999729,37.0,36546.0,150,0.6,2048
2293,242,0.7130650409999362,37.0,36697.0,150,0.6,2048
2294,243,0.7158924159999742,37.0,36848.0,150,0.6,2048
2295,244,0.7186721249998982,37.0,36999.0,150,0.6,2048
2296,245,0.721717582999986,37.0,37150.0,150,0.6,2048
2297,246,0.7245572079999647,37.0,37301.0,150,0.6,2048
2298,247,0.7273952079999617,37.0,37452.0,150,0.6,2048
2299,248,0.7302012499999364,37.0,37603.0,150,0.6,2048
2300,249,0.7330184999999574,37.0,37754.0,150,0.6,2048
2301,250,0.7358281659999193,37.0,37905.0,150,0.6,2048
2302,251,0.7386380829999553,37.0,38056.0,150,0.6,2048
2303,252,0.7414474999999356,37.0,38207.0,150,0.6,2048
2304,253,0.744294707999984,37.0,38358.0,150,0.6,2048
2305,254,0.7471092499999941,37.0,38509.0,150,0.6,2048
2306,255,0.7498960409999427,37.0,38660.0,150,0.6,2048
2307,256,0.7527097079999976,37.0,38811.0,150,0.6,2048
2308,257,0.7581789159999062,37.0,38962.0,150,0.6,2048
2309,258,0.7609750829999484,37.0,39113.0,150,0.6,2048
2310,259,0.7637646249999079,37.0,39264.0,150,0.6,2048
2311,260,0.7665802909999684,37.0,39415.0,150,0.6,2048
2312,261,0.769462874999931,37.0,39566.0,150,0.6,2048
2313,262,0.7723105000000032,37.0,39717.0,150,0.6,2048
2314,263,0.7751822499999435,37.0,39868.0,150,0.6,2048
2315,264,0.7782256250000046,37.0,40019.0,150,0.6,2048
2316,265,0.7811316249999436,37.0,40170.0,150,0.6,2048
2317,266,0.7839290829999754,37.0,40321.0,150,0.6,2048
2318,267,0.7867120829999976,37.0,40472.0,150,0.6,2048
2319,268,0.7898105409999516,37.0,40623.0,150,0.6,2048
2320,269,0.7926242080000065,37.0,40774.0,150,0.6,2048
2321,270,0.7954113329999473,37.0,40925.0,150,0.6,2048
2322,271,0.7981998749999093,37.0,41076.0,150,0.6,2048
2323,272,0.8010075830000005,37.0,41227.0,150,0.6,2048
2324,273,0.8038111249999247,37.0,41378.0,150,0.6,2048
2325,274,0.8066145829999414,37.0,41529.0,150,0.6,2048
2326,275,0.8094349159999865,37.0,41680.0,150,0.6,2048
2327,276,0.8123017079999499,37.0,41831.0,150,0.6,2048
2328,277,0.8151082910000014,37.0,41982.0,150,0.6,2048
2329,278,0.8179279159999169,37.0,42133.0,150,0.6,2048
2330,279,0.8207224159999669,37.0,42284.0,150,0.6,2048
2331,280,0.8235486659999651,37.0,42435.0,150,0.6,2048
2332,281,0.8263537079999423,37.0,42586.0,150,0.6,2048
2333,282,0.8291605409999647,37.0,42737.0,150,0.6,2048
2334,283,0.8319931659999611,37.0,42888.0,150,0.6,2048
2335,284,0.8350580409999111,37.0,43039.0,150,0.6,2048
2336,285,0.8378842079999913,37.0,43190.0,150,0.6,2048
2337,286,0.8406989999999723,37.0,43341.0,150,0.6,2048
2338,287,0.8436261249999006,37.0,43492.0,150,0.6,2048
2339,288,0.8465498329999264,37.0,43643.0,150,0.6,2048
2340,289,0.8493467079999846,37.0,43794.0,150,0.6,2048
2341,290,0.852156915999899,37.0,43945.0,150,0.6,2048
2342,291,0.8551645409999082,37.0,44096.0,150,0.6,2048
2343,292,0.8580017079999607,37.0,44247.0,150,0.6,2048
2344,293,0.8608306249999487,37.0,44398.0,150,0.6,2048
2345,294,0.8636748330000046,37.0,44549.0,150,0.6,2048
2346,295,0.8665058329999056,37.0,44700.0,150,0.6,2048
2347,296,0.8693174999999655,37.0,44851.0,150,0.6,2048
2348,297,0.8721551249999493,37.0,45002.0,150,0.6,2048
2349,298,0.8749654160000091,37.0,45153.0,150,0.6,2048
2350,299,0.8778213749999395,37.0,45304.0,150,0.6,2048
2351,300,0.8806364999999232,37.0,45455.0,150,0.6,2048
2352,301,0.8834408749999056,37.0,45606.0,150,0.6,2048
2353,302,0.8862672909999674,37.0,45757.0,150,0.6,2048
2354,303,0.8890683749999653,37.0,45908.0,150,0.6,2048
2355,304,0.8918765829999984,37.0,46059.0,150,0.6,2048
2356,305,0.8946829999999864,37.0,46210.0,150,0.6,2048
2357,306,0.8975099580000006,37.0,46361.0,150,0.6,2048
2358,307,0.900364374999981,37.0,46512.0,150,0.6,2048
2359,308,0.9032028329999093,37.0,46663.0,150,0.6,2048
2360,309,0.9060637499999302,37.0,46814.0,150,0.6,2048
2361,310,0.9089059579999912,37.0,46965.0,150,0.6,2048
2362,311,0.9119297909999204,37.0,47116.0,150,0.6,2048
2363,312,0.9147771250000005,37.0,47267.0,150,0.6,2048
2364,313,0.917605750000007,37.0,47418.0,150,0.6,2048
2365,314,0.9207127909999144,37.0,47569.0,150,0.6,2048
2366,315,0.9235290829999485,37.0,47720.0,150,0.6,2048
2367,316,0.9263699580000093,37.0,47871.0,150,0.6,2048
2368,317,0.9291726249999783,37.0,48022.0,150,0.6,2048
2369,318,0.9319931659999838,37.0,48173.0,150,0.6,2048
2370,319,0.9347904579999522,37.0,48324.0,150,0.6,2048
2371,320,0.9375960410000062,37.0,48475.0,150,0.6,2048
2372,321,0.9404167079999297,37.0,48626.0,150,0.6,2048
2373,322,0.9432387499999777,37.0,48777.0,150,0.6,2048
2374,323,0.9462909579999632,37.0,48928.0,150,0.6,2048
2375,324,0.9491505409999945,37.0,49079.0,150,0.6,2048
2376,325,0.9519662499999413,37.0,49230.0,150,0.6,2048
2377,326,0.954842708000001,37.0,49381.0,150,0.6,2048
2378,327,0.9578311660000054,37.0,49532.0,150,0.6,2048
2379,328,0.9607418749999397,37.0,49683.0,150,0.6,2048
2380,329,0.9635384160000058,37.0,49834.0,150,0.6,2048
2381,330,0.9663663750000069,37.0,49985.0,150,0.6,2048
2382,331,0.9691868749999912,37.0,50136.0,150,0.6,2048
2383,332,0.9720019999999749,37.0,50287.0,150,0.6,2048
2384,333,0.974795040999993,37.0,50438.0,150,0.6,2048
2385,334,0.9775984579999886,37.0,50589.0,150,0.6,2048
2386,335,0.9805902499999775,37.0,50740.0,150,0.6,2048
2387,336,0.9834103749999485,37.0,50891.0,150,0.6,2048
2388,337,0.9862327499999992,37.0,51042.0,150,0.6,2048
2389,338,0.9893187079999279,37.0,51193.0,150,0.6,2048
2390,339,0.9922355409999,37.0,51344.0,150,0.6,2048
2391,340,0.9951392499999656,37.0,51495.0,150,0.6,2048
2392,341,0.998117332999982,37.0,51646.0,150,0.6,2048
2393,342,1.0012185409999574,37.0,51797.0,150,0.6,2048
2394,343,1.0040674999999055,37.0,51948.0,150,0.6,2048
2395,344,1.0069144159999723,37.0,52099.0,150,0.6,2048
2396,345,1.0097446249999393,37.0,52250.0,150,0.6,2048
2397,346,1.012763457999995,37.0,52401.0,150,0.6,2048
2398,347,1.015544249999948,37.0,52552.0,150,0.6,2048
2399,348,1.0183890409999776,37.0,52703.0,150,0.6,2048
2400,349,1.0213178329998982,37.0,52854.0,150,0.6,2048
2401,350,1.0244008329999588,37.0,53005.0,150,0.6,2048
2402,351,1.0272504999999228,37.0,53156.0,150,0.6,2048
2403,352,1.0301301249999142,37.0,53307.0,150,0.6,2048
2404,353,1.0329480409999405,37.0,53458.0,150,0.6,2048
2405,354,1.035765832999914,37.0,53609.0,150,0.6,2048
2406,355,1.0385533329999816,37.0,53760.0,150,0.6,2048
2407,356,1.0413399579999805,37.0,53911.0,150,0.6,2048
2408,357,1.0443932910000058,37.0,54062.0,150,0.6,2048
2409,358,1.0473134159999518,37.0,54213.0,150,0.6,2048
2410,359,1.0501382499999181,37.0,54364.0,150,0.6,2048
2411,360,1.0529867499999455,37.0,54515.0,150,0.6,2048
2412,361,1.056200624999974,37.0,54666.0,150,0.6,2048
2413,362,1.0590531659998987,37.0,54817.0,150,0.6,2048
2414,363,1.0618892079999114,37.0,54968.0,150,0.6,2048
2415,364,1.0647106249999752,37.0,55119.0,150,0.6,2048
2416,365,1.0675369580000051,37.0,55270.0,150,0.6,2048
2417,366,1.0703692079999882,37.0,55421.0,150,0.6,2048
2418,367,1.0731718329999467,37.0,55572.0,150,0.6,2048
2419,368,1.0759939159999021,37.0,55723.0,150,0.6,2048
2420,369,1.0790173749999212,37.0,55874.0,150,0.6,2048
2421,370,1.0818550829999367,37.0,56025.0,150,0.6,2048
2422,371,1.0847217499999715,37.0,56176.0,150,0.6,2048
2423,372,1.087688832999902,37.0,56327.0,150,0.6,2048
2424,373,1.090753374999963,37.0,56478.0,150,0.6,2048
2425,374,1.0935929999999416,37.0,56629.0,150,0.6,2048
2426,375,1.0964260409999724,37.0,56780.0,150,0.6,2048
2427,376,1.099280040999929,37.0,56931.0,150,0.6,2048
2428,377,1.1021008749999055,37.0,57082.0,150,0.6,2048
2429,378,1.1049086659999148,37.0,57233.0,150,0.6,2048
2430,379,1.1077520409999124,37.0,57384.0,150,0.6,2048
2431,380,1.110627749999935,37.0,57535.0,150,0.6,2048
2432,381,1.1134678749999694,37.0,57686.0,150,0.6,2048
2433,382,1.1162882079999008,37.0,57837.0,150,0.6,2048
2434,383,1.1191226249999318,37.0,57988.0,150,0.6,2048
2435,384,1.1219651659999954,37.0,58139.0,150,0.6,2048
2436,385,1.1247689580000042,37.0,58290.0,150,0.6,2048
2437,386,1.1275945410000077,37.0,58441.0,150,0.6,2048
2438,387,1.1304513329999963,37.0,58592.0,150,0.6,2048
2439,388,1.1333266659999026,37.0,58743.0,150,0.6,2048
2440,389,1.136162958,37.0,58894.0,150,0.6,2048
2441,390,1.1390270829999736,37.0,59045.0,150,0.6,2048
2442,391,1.1418947500000058,37.0,59196.0,150,0.6,2048
2443,392,1.144886415999963,37.0,59347.0,150,0.6,2048
2444,393,1.1477852079999593,37.0,59498.0,150,0.6,2048
2445,394,1.1506450829999721,37.0,59649.0,150,0.6,2048
2446,395,1.153577582999901,37.0,59800.0,150,0.6,2048
2447,396,1.156526415999906,37.0,59951.0,150,0.6,2048
2448,397,1.1593774579999945,37.0,60102.0,150,0.6,2048
2449,398,1.1623459579999462,37.0,60253.0,150,0.6,2048
2450,399,1.165359915999943,37.0,60404.0,150,0.6,2048
2451,400,1.1682344159999047,37.0,60555.0,150,0.6,2048
2452,401,1.1710909159999119,37.0,60706.0,150,0.6,2048
2453,402,1.1738926659999152,37.0,60857.0,150,0.6,2048
2454,403,1.1767654159999665,37.0,61008.0,150,0.6,2048
2455,404,1.1796832499999255,37.0,61159.0,150,0.6,2048
2456,405,1.182614457999989,37.0,61310.0,150,0.6,2048
2457,406,1.1854801659999339,37.0,61461.0,150,0.6,2048
2458,407,1.1883362080000097,37.0,61612.0,150,0.6,2048
2459,408,1.1911833329999126,37.0,61763.0,150,0.6,2048
2460,409,1.1940004159999944,37.0,61914.0,150,0.6,2048
2461,410,1.1968274159999055,37.0,62065.0,150,0.6,2048
2462,411,1.1996364159999757,37.0,62216.0,150,0.6,2048
2463,412,1.2024557909999203,37.0,62367.0,150,0.6,2048
2464,413,1.2052722500000073,37.0,62518.0,150,0.6,2048
2465,414,1.208104832999993,37.0,62669.0,150,0.6,2048
2466,415,1.2110570829999006,37.0,62820.0,150,0.6,2048
2467,416,1.214062707999915,37.0,62971.0,150,0.6,2048
2468,417,1.2169099999999844,37.0,63122.0,150,0.6,2048
2469,418,1.2197402909999937,37.0,63273.0,150,0.6,2048
2470,419,1.2229300829999374,37.0,63424.0,150,0.6,2048
2471,420,1.2258096659999183,37.0,63575.0,150,0.6,2048
2472,421,1.2286802499999112,37.0,63726.0,150,0.6,2048
2473,422,1.2315507499999967,37.0,63877.0,150,0.6,2048
2474,423,1.2344079160000092,37.0,64028.0,150,0.6,2048
2475,424,1.237253707999912,37.0,64179.0,150,0.6,2048
2476,425,1.240083332999916,37.0,64330.0,150,0.6,2048
2477,426,1.2429326249999804,37.0,64481.0,150,0.6,2048
2478,427,1.2460143329999482,37.0,64632.0,150,0.6,2048
2479,428,1.2488809159999619,37.0,64783.0,150,0.6,2048
2480,429,1.2517202909999696,37.0,64934.0,150,0.6,2048
2481,430,1.2547545409998975,37.0,65085.0,150,0.6,2048
2482,431,1.2578081249999968,37.0,65236.0,150,0.6,2048
2483,432,1.2606647909999538,37.0,65387.0,150,0.6,2048
2484,433,1.263510999999994,37.0,65538.0,150,0.6,2048
2485,434,1.2663650829999824,37.0,65689.0,150,0.6,2048
2486,435,1.2692055829999163,37.0,65840.0,150,0.6,2048
2487,436,1.2720487909999747,37.0,65991.0,150,0.6,2048
2488,437,1.2749198749999096,37.0,66142.0,150,0.6,2048
2489,438,1.2777524159999984,37.0,66293.0,150,0.6,2048
2490,439,1.2806247080000048,37.0,66444.0,150,0.6,2048
2491,440,1.283484499999986,37.0,66595.0,150,0.6,2048
2492,441,1.2863524580000103,37.0,66746.0,150,0.6,2048
2493,442,1.2892558329999702,37.0,66897.0,150,0.6,2048
2494,443,1.2921542499999532,37.0,67048.0,150,0.6,2048
2495,444,1.2950455409999222,37.0,67199.0,150,0.6,2048
2496,445,1.2979123750000099,37.0,67350.0,150,0.6,2048
2497,446,1.3008107910000035,37.0,67501.0,150,0.6,2048
2498,447,1.3036849999999731,37.0,67652.0,150,0.6,2048
2499,448,1.3065979579999976,37.0,67803.0,150,0.6,2048
2500,449,1.3094659159999082,37.0,67954.0,150,0.6,2048
2501,450,1.3125104160000092,37.0,68105.0,150,0.6,2048
2502,451,1.315420124999946,37.0,68256.0,150,0.6,2048
2503,452,1.3182662499999651,37.0,68407.0,150,0.6,2048
2504,453,1.3210891659999788,37.0,68558.0,150,0.6,2048
2505,454,1.3239581659998976,37.0,68709.0,150,0.6,2048
2506,455,1.3267896659999678,37.0,68860.0,150,0.6,2048
2507,456,1.32959670799994,37.0,69011.0,150,0.6,2048
2508,457,1.3324270829999705,37.0,69162.0,150,0.6,2048
2509,458,1.3352522499999395,37.0,69313.0,150,0.6,2048
2510,459,1.3381227499999113,37.0,69464.0,150,0.6,2048
2511,460,1.3409502909998992,37.0,69615.0,150,0.6,2048
2512,461,1.3437751249999792,37.0,69766.0,150,0.6,2048
2513,462,1.3467117909999615,37.0,69917.0,150,0.6,2048
2514,463,1.3495700409999927,37.0,70068.0,150,0.6,2048
2515,464,1.3524442499999623,37.0,70219.0,150,0.6,2048
2516,465,1.3553071659999887,37.0,70370.0,150,0.6,2048
2517,466,1.3581346659999554,37.0,70521.0,150,0.6,2048
2518,467,1.3610052499999483,37.0,70672.0,150,0.6,2048
2519,468,1.3638211249999586,37.0,70823.0,150,0.6,2048
2520,469,1.3666532909999205,37.0,70974.0,150,0.6,2048
2521,470,1.3694471249999651,37.0,71125.0,150,0.6,2048
2522,471,1.372271957999942,37.0,71276.0,150,0.6,2048
2523,472,1.3750902909999922,37.0,71427.0,150,0.6,2048
2524,473,1.3780806249999387,37.0,71578.0,150,0.6,2048
2525,474,1.3810227499999428,37.0,71729.0,150,0.6,2048
2526,475,1.383851707999952,37.0,71880.0,150,0.6,2048
2527,476,1.3867044999999507,37.0,72031.0,150,0.6,2048
2528,477,1.3898075829999925,37.0,72182.0,150,0.6,2048
2529,478,1.3926727499999743,37.0,72333.0,150,0.6,2048
2530,479,1.395523040999933,37.0,72484.0,150,0.6,2048
2531,480,1.398369124999931,37.0,72635.0,150,0.6,2048
2532,481,1.4011900409999498,37.0,72786.0,150,0.6,2048
2533,482,1.4040300409999418,37.0,72937.0,150,0.6,2048
2534,483,1.4068551659999002,37.0,73088.0,150,0.6,2048
2535,484,1.4097149159999844,37.0,73239.0,150,0.6,2048
2536,485,1.412759790999985,37.0,73390.0,150,0.6,2048
2537,486,1.4156370829999787,37.0,73541.0,150,0.6,2048
2538,487,1.418489124999951,37.0,73692.0,150,0.6,2048
2539,488,1.4214677079999092,37.0,73843.0,150,0.6,2048
2540,489,1.4245394159999023,37.0,73994.0,150,0.6,2048
2541,490,1.427377207999939,37.0,74145.0,150,0.6,2048
2542,491,1.430197082999939,37.0,74296.0,150,0.6,2048
2543,492,1.433070124999972,37.0,74447.0,150,0.6,2048
2544,493,1.435912999999914,37.0,74598.0,150,0.6,2048
2545,494,1.4387419579999232,37.0,74749.0,150,0.6,2048
2546,495,1.4415875830000004,37.0,74900.0,150,0.6,2048
2547,496,1.444599999999923,37.0,75051.0,150,0.6,2048
2548,497,1.4475770409999313,37.0,75202.0,150,0.6,2048
2549,498,1.450403415999972,37.0,75353.0,150,0.6,2048
2550,499,1.453233915999931,37.0,75504.0,150,0.6,2048
2551,500,1.4563881249999895,37.0,75655.0,150,0.6,2048
2552,501,1.4592749999999342,37.0,75806.0,150,0.6,2048
2553,502,1.4621140829999604,37.0,75957.0,150,0.6,2048
2554,503,1.4649674999999434,37.0,76108.0,150,0.6,2048
2555,504,1.4678171250000105,37.0,76259.0,150,0.6,2048
2556,505,1.4706431249999241,37.0,76410.0,150,0.6,2048
2557,506,1.473507290999919,37.0,76561.0,150,0.6,2048
2558,507,1.4763479160000088,37.0,76712.0,150,0.6,2048
2559,508,1.4792329579998977,37.0,76863.0,150,0.6,2048
2560,509,1.4820704159999423,37.0,77014.0,150,0.6,2048
2561,510,1.4850149159999546,37.0,77165.0,150,0.6,2048
2562,511,1.487972832999958,37.0,77316.0,150,0.6,2048
2563,512,1.4908404999999902,37.0,77467.0,150,0.6,2048
2564,513,1.4973408749999635,37.0,77618.0,150,0.6,2048
2565,514,1.500207957999919,37.0,77769.0,150,0.6,2048
2566,515,1.503066290999982,37.0,77920.0,150,0.6,2048
2567,516,1.505894540999975,37.0,78071.0,150,0.6,2048
2568,517,1.5087460830000055,37.0,78222.0,150,0.6,2048
2569,518,1.5118242080000073,37.0,78373.0,150,0.6,2048
2570,519,1.5147112909999123,37.0,78524.0,150,0.6,2048
2571,520,1.517541749999964,37.0,78675.0,150,0.6,2048
2572,521,1.5203772909999316,37.0,78826.0,150,0.6,2048
2573,522,1.5234551249999413,37.0,78977.0,150,0.6,2048
2574,523,1.526331374999927,37.0,79128.0,150,0.6,2048
2575,524,1.5292003749999594,37.0,79279.0,150,0.6,2048
2576,525,1.5320400829999699,37.0,79430.0,150,0.6,2048
2577,526,1.5348664580000104,37.0,79581.0,150,0.6,2048
2578,527,1.5376982909999697,37.0,79732.0,150,0.6,2048
2579,528,1.540553415999966,37.0,79883.0,150,0.6,2048
2580,529,1.5434114159999126,37.0,80034.0,150,0.6,2048
2581,530,1.54660366600001,37.0,80185.0,150,0.6,2048
2582,531,1.5494890409999016,37.0,80336.0,150,0.6,2048
2583,532,1.5523450829999774,37.0,80487.0,150,0.6,2048
2584,533,1.5554184579999628,37.0,80638.0,150,0.6,2048
2585,534,1.5583688329999177,37.0,80789.0,150,0.6,2048
2586,535,1.561197624999977,37.0,80940.0,150,0.6,2048
2587,536,1.5640167499999507,37.0,81091.0,150,0.6,2048
2588,537,1.5668703750000077,37.0,81242.0,150,0.6,2048
2589,538,1.5697028749999618,37.0,81393.0,150,0.6,2048
2590,539,1.5727219999999988,37.0,81544.0,150,0.6,2048
2591,540,1.5756060409999009,37.0,81695.0,150,0.6,2048
2592,541,1.5784548749999203,37.0,81846.0,150,0.6,2048
2593,542,1.581450790999952,37.0,81997.0,150,0.6,2048
2594,543,1.5844330409998975,37.0,82148.0,150,0.6,2048
2595,544,1.5875748329999624,37.0,82299.0,150,0.6,2048
2596,545,1.59058083299999,37.0,82450.0,150,0.6,2048
2597,546,1.5934484999999086,37.0,82601.0,150,0.6,2048
2598,547,1.5962989159999097,37.0,82752.0,150,0.6,2048
2599,548,1.599184290999915,37.0,82903.0,150,0.6,2048
2600,549,1.6020392909999828,37.0,83054.0,150,0.6,2048
2601,550,1.6048958330000005,37.0,83205.0,150,0.6,2048
2602,551,1.6077417499999456,37.0,83356.0,150,0.6,2048
2603,552,1.6105881249999356,37.0,83507.0,150,0.6,2048
2604,553,1.61344674999998,37.0,83658.0,150,0.6,2048
2605,554,1.616296082999952,37.0,83809.0,150,0.6,2048
2606,555,1.619149249999964,37.0,83960.0,150,0.6,2048
2607,556,1.6219842909999898,37.0,84111.0,150,0.6,2048
2608,557,1.6248350829999936,37.0,84262.0,150,0.6,2048
2609,558,1.6276892909999106,37.0,84413.0,150,0.6,2048
2610,559,1.6305605000000014,37.0,84564.0,150,0.6,2048
2611,560,1.633411207999984,37.0,84715.0,150,0.6,2048
2612,561,1.6362859999999273,37.0,84866.0,150,0.6,2048
2613,562,1.6391814999999497,37.0,85017.0,150,0.6,2048
2614,563,1.6420664159999205,37.0,85168.0,150,0.6,2048
2615,564,1.6449874999999565,37.0,85319.0,150,0.6,2048
2616,565,1.6478875829999424,37.0,85470.0,150,0.6,2048
2617,566,1.6507530829999268,37.0,85621.0,150,0.6,2048
2618,567,1.6536400829999138,37.0,85772.0,150,0.6,2048
2619,568,1.6565252079999482,37.0,85923.0,150,0.6,2048
2620,569,1.6594164159999991,37.0,86074.0,150,0.6,2048
2621,570,1.6623080409999602,37.0,86225.0,150,0.6,2048
2622,571,1.6652114999999412,37.0,86376.0,150,0.6,2048
2623,572,1.6681225829998994,37.0,86527.0,150,0.6,2048
2624,573,1.6710180000000037,37.0,86678.0,150,0.6,2048
2625,574,1.6739327909999702,37.0,86829.0,150,0.6,2048
2626,575,1.6768426659999704,37.0,86980.0,150,0.6,2048
2627,576,1.6798768749999908,37.0,87131.0,150,0.6,2048
2628,577,1.6827329159999636,37.0,87282.0,150,0.6,2048
2629,578,1.685580540999922,37.0,87433.0,150,0.6,2048
2630,579,1.6886814160000085,37.0,87584.0,150,0.6,2048
2631,580,1.6915642499999421,37.0,87735.0,150,0.6,2048
2632,581,1.6944169579999198,37.0,87886.0,150,0.6,2048
2633,582,1.6972788749999381,37.0,88037.0,150,0.6,2048
2634,583,1.7001452909998989,37.0,88188.0,150,0.6,2048
2635,584,1.7029992909999692,37.0,88339.0,150,0.6,2048
2636,585,1.7058314579999205,37.0,88490.0,150,0.6,2048
2637,586,1.7086862909999354,37.0,88641.0,150,0.6,2048
2638,587,1.7115777909999679,37.0,88792.0,150,0.6,2048
2639,588,1.714435832999925,37.0,88943.0,150,0.6,2048
2640,589,1.717247499999985,37.0,89094.0,150,0.6,2048
2641,590,1.7200944579999486,37.0,89245.0,150,0.6,2048
2642,591,1.722928832999969,37.0,89396.0,150,0.6,2048
2643,592,1.725761250000005,37.0,89547.0,150,0.6,2048
2644,593,1.728627582999934,37.0,89698.0,150,0.6,2048
2645,594,1.7314547080000011,37.0,89849.0,150,0.6,2048
2646,595,1.734305082999981,37.0,90000.0,150,0.6,2048
2647,596,1.737152415999958,37.0,90151.0,150,0.6,2048
2648,597,1.7399983329999031,37.0,90302.0,150,0.6,2048
2649,598,1.7428557499999897,37.0,90453.0,150,0.6,2048
2650,599,1.7459774159999597,37.0,90604.0,150,0.6,2048
2651,600,1.748820415999944,37.0,90755.0,150,0.6,2048
2652,601,1.7516693329999953,37.0,90906.0,150,0.6,2048
2653,602,1.7546188750000056,37.0,91057.0,150,0.6,2048
2654,603,1.7576383329999317,37.0,91208.0,150,0.6,2048
2655,604,1.7604858329999615,37.0,91359.0,150,0.6,2048
2656,605,1.7633476249999376,37.0,91510.0,150,0.6,2048
2657,606,1.7662261659999103,37.0,91661.0,150,0.6,2048
2658,607,1.769042249999984,37.0,91812.0,150,0.6,2048
2659,608,1.7719035000000076,37.0,91963.0,150,0.6,2048
2660,609,1.7747656249999864,37.0,92114.0,150,0.6,2048
2661,610,1.7776312909999206,37.0,92265.0,150,0.6,2048
2662,611,1.7804842499999722,37.0,92416.0,150,0.6,2048
2663,612,1.783374374999994,37.0,92567.0,150,0.6,2048
2664,613,1.786280124999962,37.0,92718.0,150,0.6,2048
2665,614,1.7891052499999205,37.0,92869.0,150,0.6,2048
2666,615,1.791947749999963,37.0,93020.0,150,0.6,2048
2667,616,1.794785582999907,37.0,93171.0,150,0.6,2048
2668,617,1.797615665999956,37.0,93322.0,150,0.6,2048
2669,618,1.8004502909999474,37.0,93473.0,150,0.6,2048
2670,619,1.8033150829999158,37.0,93624.0,150,0.6,2048
2671,620,1.806164957999954,37.0,93775.0,150,0.6,2048
2672,621,1.8090078330000097,37.0,93926.0,150,0.6,2048
2673,622,1.8120605829999477,37.0,94077.0,150,0.6,2048
2674,623,1.814975000000004,37.0,94228.0,150,0.6,2048
2675,624,1.8178517499999316,37.0,94379.0,150,0.6,2048
2676,625,1.820761665999953,37.0,94530.0,150,0.6,2048
2677,626,1.823868833000006,37.0,94681.0,150,0.6,2048
2678,627,1.8267353749999984,37.0,94832.0,150,0.6,2048
2679,628,1.829589665999947,37.0,94983.0,150,0.6,2048
2680,629,1.8324337079999395,37.0,95134.0,150,0.6,2048
2681,630,1.835275415999945,37.0,95285.0,150,0.6,2048
2682,631,1.838105915999904,37.0,95436.0,150,0.6,2048
2683,632,1.8409613750000062,37.0,95587.0,150,0.6,2048
2684,633,1.843822040999953,37.0,95738.0,150,0.6,2048
2685,634,1.8467030829999658,37.0,95889.0,150,0.6,2048
2686,635,1.8495509999999058,37.0,96040.0,150,0.6,2048
2687,636,1.8523989579999807,37.0,96191.0,150,0.6,2048
2688,637,1.8552695409999842,37.0,96342.0,150,0.6,2048
2689,638,1.858121874999938,37.0,96493.0,150,0.6,2048
2690,639,1.8609836659999246,37.0,96644.0,150,0.6,2048
2691,640,1.863871415999938,37.0,96795.0,150,0.6,2048
2692,641,1.8667973329999086,37.0,96946.0,150,0.6,2048
2693,642,1.8697128329999941,37.0,97097.0,150,0.6,2048
2694,643,1.8726152909999882,37.0,97248.0,150,0.6,2048
2695,644,1.875523874999999,37.0,97399.0,150,0.6,2048
2696,645,1.8785806249999268,37.0,97550.0,150,0.6,2048
2697,646,1.8815407499999992,37.0,97701.0,150,0.6,2048
2698,647,1.884434290999934,37.0,97852.0,150,0.6,2048
2699,648,1.887298499999929,37.0,98003.0,150,0.6,2048
2700,649,1.890174707999904,37.0,98154.0,150,0.6,2048
2701,650,1.893045499999971,37.0,98305.0,150,0.6,2048
2702,651,1.8959399159999748,37.0,98456.0,150,0.6,2048
2703,652,1.8988513749999356,37.0,98607.0,150,0.6,2048
2704,653,1.9017639999999574,37.0,98758.0,150,0.6,2048
2705,654,1.9046116249999159,37.0,98909.0,150,0.6,2048
2706,655,1.907481665999967,37.0,99060.0,150,0.6,2048
2707,656,1.9103894999999511,37.0,99211.0,150,0.6,2048
2708,657,1.9132432079999262,37.0,99362.0,150,0.6,2048
2709,658,1.9162040829999114,37.0,99513.0,150,0.6,2048
2710,659,1.9191792909999776,37.0,99664.0,150,0.6,2048
2711,660,1.9220530409999128,37.0,99815.0,150,0.6,2048
2712,661,1.924897165999937,37.0,99966.0,150,0.6,2048
2713,662,1.9280464579999261,37.0,100117.0,150,0.6,2048
2714,663,1.930929874999947,37.0,100268.0,150,0.6,2048
2715,664,1.9337918329999866,37.0,100419.0,150,0.6,2048
2716,665,1.9366983749999918,37.0,100570.0,150,0.6,2048
2717,666,1.9395758329999353,37.0,100721.0,150,0.6,2048
2718,667,1.9424309159999211,37.0,100872.0,150,0.6,2048
2719,668,1.945322874999988,37.0,101023.0,150,0.6,2048
2720,669,1.9481806659999847,37.0,101174.0,150,0.6,2048
2721,670,1.951050665999901,37.0,101325.0,150,0.6,2048
2722,671,1.9539107079999667,37.0,101476.0,150,0.6,2048
2723,672,1.9567496659999506,37.0,101627.0,150,0.6,2048
2724,673,1.9595932080000011,37.0,101778.0,150,0.6,2048
2725,674,1.962447333,37.0,101929.0,150,0.6,2048
2726,675,1.9653097909999815,37.0,102080.0,150,0.6,2048
2727,676,1.9681539160000057,37.0,102231.0,150,0.6,2048
2728,677,1.9709957909999503,37.0,102382.0,150,0.6,2048
2729,678,1.973862540999903,37.0,102533.0,150,0.6,2048
2730,679,1.976725999999985,37.0,102684.0,150,0.6,2048
2731,680,1.9796254159999762,37.0,102835.0,150,0.6,2048
2732,681,1.9825079999999389,37.0,102986.0,150,0.6,2048
2733,682,1.9854345409999041,37.0,103137.0,150,0.6,2048
2734,683,1.988361374999954,37.0,103288.0,150,0.6,2048
2735,684,1.991269582999962,37.0,103439.0,150,0.6,2048
2736,685,1.9941438329999528,37.0,103590.0,150,0.6,2048
2737,686,1.9970511660000057,37.0,103741.0,150,0.6,2048
2738,687,1.9999597080000058,37.0,103892.0,150,0.6,2048
2739,688,2.0028567909999992,37.0,104043.0,150,0.6,2048
2740,689,2.0057521659999793,37.0,104194.0,150,0.6,2048
2741,690,2.008677749999947,37.0,104345.0,150,0.6,2048
2742,691,2.0117485409999745,37.0,104496.0,150,0.6,2048
2743,692,2.014643957999965,37.0,104647.0,150,0.6,2048
2744,693,2.0174995410000065,37.0,104798.0,150,0.6,2048
2745,694,2.0203469580000046,37.0,104949.0,150,0.6,2048
2746,695,2.0234661659999347,37.0,105100.0,150,0.6,2048
2747,696,2.0263767909999615,37.0,105251.0,150,0.6,2048
2748,697,2.029219540999975,37.0,105402.0,150,0.6,2048
2749,698,2.0320640829999093,37.0,105553.0,150,0.6,2048
2750,699,2.0349187079999638,37.0,105704.0,150,0.6,2048
2751,700,2.0377987079999684,37.0,105855.0,150,0.6,2048
2752,701,2.040659082999923,37.0,106006.0,150,0.6,2048
2753,702,2.04353674999993,37.0,106157.0,150,0.6,2048
2754,703,2.046642457999951,37.0,106308.0,150,0.6,2048
2755,704,2.0495232909999004,37.0,106459.0,150,0.6,2048
2756,705,2.0523789999999735,37.0,106610.0,150,0.6,2048
2757,706,2.0554658749999817,37.0,106761.0,150,0.6,2048
2758,707,2.0584693749999587,37.0,106912.0,150,0.6,2048
2759,708,2.061326165999958,37.0,107063.0,150,0.6,2048
2760,709,2.064159207999978,37.0,107214.0,150,0.6,2048
2761,710,2.0670262499999126,37.0,107365.0,150,0.6,2048
2762,711,2.069881665999901,37.0,107516.0,150,0.6,2048
2763,712,2.072747165999999,37.0,107667.0,150,0.6,2048
2764,713,2.075617374999979,37.0,107818.0,150,0.6,2048
2765,714,2.078493999999978,37.0,107969.0,150,0.6,2048
2766,715,2.0813515829999005,37.0,108120.0,150,0.6,2048
2767,716,2.08420933299999,37.0,108271.0,150,0.6,2048
2768,717,2.0870882079999546,37.0,108422.0,150,0.6,2048
2769,718,2.0899952499999017,37.0,108573.0,150,0.6,2048
2770,719,2.092904874999931,37.0,108724.0,150,0.6,2048
2771,720,2.0958199579999928,37.0,108875.0,150,0.6,2048
2772,721,2.0987129579999646,37.0,109026.0,150,0.6,2048
2773,722,2.1016392079999378,37.0,109177.0,150,0.6,2048
2774,723,2.1045812909999313,37.0,109328.0,150,0.6,2048
2775,724,2.1075059159999228,37.0,109479.0,150,0.6,2048
2776,725,2.1104209579999633,37.0,109630.0,150,0.6,2048
2777,726,2.113553207999985,37.0,109781.0,150,0.6,2048
2778,727,2.116470124999978,37.0,109932.0,150,0.6,2048
2779,728,2.1193524579999803,37.0,110083.0,150,0.6,2048
2780,729,2.1222353749999456,37.0,110234.0,150,0.6,2048
2781,730,2.1251163749999478,37.0,110385.0,150,0.6,2048
2782,731,2.128015082999923,37.0,110536.0,150,0.6,2048
2783,732,2.1308609999999817,37.0,110687.0,150,0.6,2048
2784,733,2.133734249999975,37.0,110838.0,150,0.6,2048
2785,734,2.1366119999999,37.0,110989.0,150,0.6,2048
2786,735,2.139466582999944,37.0,111140.0,150,0.6,2048
2787,736,2.142317915999911,37.0,111291.0,150,0.6,2048
2788,737,2.145211040999925,37.0,111442.0,150,0.6,2048
2789,738,2.148078790999989,37.0,111593.0,150,0.6,2048
2790,739,2.1510098749999997,37.0,111744.0,150,0.6,2048
2791,740,2.1539106660000016,37.0,111895.0,150,0.6,2048
2792,741,2.1568337079999083,37.0,112046.0,150,0.6,2048
2793,742,2.1597557909999523,37.0,112197.0,150,0.6,2048
2794,743,2.1626890829999184,37.0,112348.0,150,0.6,2048
2795,744,2.165614540999968,37.0,112499.0,150,0.6,2048
2796,745,2.1685465829999657,37.0,112650.0,150,0.6,2048
2797,746,2.1714811249999,37.0,112801.0,150,0.6,2048
2798,747,2.1743797499999573,37.0,112952.0,150,0.6,2048
2799,748,2.1773230829999193,37.0,113103.0,150,0.6,2048
2800,749,2.180445582999937,37.0,113254.0,150,0.6,2048
2801,750,2.1833224999999175,37.0,113405.0,150,0.6,2048
2802,751,2.1862179579999292,37.0,113556.0,150,0.6,2048
2803,752,2.189349375000006,37.0,113707.0,150,0.6,2048
2804,753,2.192253957999924,37.0,113858.0,150,0.6,2048
2805,754,2.195144124999956,37.0,114009.0,150,0.6,2048
2806,755,2.1980084159999933,37.0,114160.0,150,0.6,2048
2807,756,2.2008871250000084,37.0,114311.0,150,0.6,2048
2808,757,2.2037372499999037,37.0,114462.0,150,0.6,2048
2809,758,2.2066269160000047,37.0,114613.0,150,0.6,2048
2810,759,2.2094915409999203,37.0,114764.0,150,0.6,2048
2811,760,2.212403540999958,37.0,114915.0,150,0.6,2048
2812,761,2.2152856249999786,37.0,115066.0,150,0.6,2048
2813,762,2.2181542909999052,37.0,115217.0,150,0.6,2048
2814,763,2.2210204159999876,37.0,115368.0,150,0.6,2048
2815,764,2.2238603749999584,37.0,115519.0,150,0.6,2048
2816,765,2.226785249999921,37.0,115670.0,150,0.6,2048
2817,766,2.2296617909998986,37.0,115821.0,150,0.6,2048
2818,767,2.2325182079999877,37.0,115972.0,150,0.6,2048
2819,768,2.235374290999971,37.0,116123.0,150,0.6,2048
2820,769,2.238269665999951,37.0,116274.0,150,0.6,2048
2821,770,2.2411367500000097,37.0,116425.0,150,0.6,2048
2822,771,2.244050457999947,37.0,116576.0,150,0.6,2048
2823,772,2.24711037499992,37.0,116727.0,150,0.6,2048
2824,773,2.249990165999975,37.0,116878.0,150,0.6,2048
2825,774,2.252832582999986,37.0,117029.0,150,0.6,2048
2826,775,2.255924166,37.0,117180.0,150,0.6,2048
2827,776,2.2588885409999193,37.0,117331.0,150,0.6,2048
2828,777,2.2617937909999455,37.0,117482.0,150,0.6,2048
2829,778,2.264710290999915,37.0,117633.0,150,0.6,2048
2830,779,2.2678036249999423,37.0,117784.0,150,0.6,2048
2831,780,2.27071295799999,37.0,117935.0,150,0.6,2048
2832,781,2.273597790999929,37.0,118086.0,150,0.6,2048
2833,782,2.276494458000002,37.0,118237.0,150,0.6,2048
2834,783,2.2795576659999597,37.0,118388.0,150,0.6,2048
2835,784,2.2824858330000097,37.0,118539.0,150,0.6,2048
2836,785,2.28537074999997,37.0,118690.0,150,0.6,2048
2837,786,2.2882512499999166,37.0,118841.0,150,0.6,2048
2838,787,2.2911202079999384,37.0,118992.0,150,0.6,2048
2839,788,2.294000874999938,37.0,119143.0,150,0.6,2048
2840,789,2.2968720829999256,37.0,119294.0,150,0.6,2048
2841,790,2.2997412499998973,37.0,119445.0,150,0.6,2048
2842,791,2.302666249999902,37.0,119596.0,150,0.6,2048
2843,792,2.305558332999908,37.0,119747.0,150,0.6,2048
2844,793,2.308421540999916,37.0,119898.0,150,0.6,2048
2845,794,2.311310374999948,37.0,120049.0,150,0.6,2048
2846,795,2.314221249999946,37.0,120200.0,150,0.6,2048
2847,796,2.3171024579999084,37.0,120351.0,150,0.6,2048
2848,797,2.3200369159999354,37.0,120502.0,150,0.6,2048
2849,798,2.322927707999952,37.0,120653.0,150,0.6,2048
2850,799,2.3258158749999893,37.0,120804.0,150,0.6,2048
2851,800,2.328735832999996,37.0,120955.0,150,0.6,2048
2852,801,2.331680874999961,37.0,121106.0,150,0.6,2048
2853,802,2.3346055409999735,37.0,121257.0,150,0.6,2048
2854,803,2.3375302079999756,37.0,121408.0,150,0.6,2048
2855,804,2.3404409999999416,37.0,121559.0,150,0.6,2048
2856,805,2.343376207999995,37.0,121710.0,150,0.6,2048
2857,806,2.3463469579999128,37.0,121861.0,150,0.6,2048
2858,807,2.349285082999927,37.0,122012.0,150,0.6,2048
2859,808,2.352219375000004,37.0,122163.0,150,0.6,2048
2860,809,2.3551875829999744,37.0,122314.0,150,0.6,2048
2861,810,2.35812083299993,37.0,122465.0,150,0.6,2048
2862,811,2.3610510830000067,37.0,122616.0,150,0.6,2048
2863,812,2.3639772909999692,37.0,122767.0,150,0.6,2048
2864,813,2.3669244579999713,37.0,122918.0,150,0.6,2048
2865,814,2.369834624999953,37.0,123069.0,150,0.6,2048
2866,815,2.3727629999999635,37.0,123220.0,150,0.6,2048
2867,816,2.375717082999927,37.0,123371.0,150,0.6,2048
2868,817,2.378886540999929,37.0,123522.0,150,0.6,2048
2869,818,2.3818127499999946,37.0,123673.0,150,0.6,2048
2870,819,2.384705957999927,37.0,123824.0,150,0.6,2048
2871,820,2.387666749999994,37.0,123975.0,150,0.6,2048
2872,821,2.390734457999997,37.0,124126.0,150,0.6,2048
2873,822,2.393642082999918,37.0,124277.0,150,0.6,2048
2874,823,2.3965092909999157,37.0,124428.0,150,0.6,2048
2875,824,2.399405999999999,37.0,124579.0,150,0.6,2048
2876,825,2.4022869579999906,37.0,124730.0,150,0.6,2048
2877,826,2.40516762499999,37.0,124881.0,150,0.6,2048
2878,827,2.4080552909999824,37.0,125032.0,150,0.6,2048
2879,828,2.41096616599998,37.0,125183.0,150,0.6,2048
2880,829,2.413834915999928,37.0,125334.0,150,0.6,2048
2881,830,2.4167004159999124,37.0,125485.0,150,0.6,2048
2882,831,2.4195861249999098,37.0,125636.0,150,0.6,2048
2883,832,2.422459040999911,37.0,125787.0,150,0.6,2048
2884,833,2.4253097499999967,37.0,125938.0,150,0.6,2048
2885,834,2.4281815829999687,37.0,126089.0,150,0.6,2048
2886,835,2.431067124999913,37.0,126240.0,150,0.6,2048
2887,836,2.433961624999938,37.0,126391.0,150,0.6,2048
2888,837,2.4368440829999827,37.0,126542.0,150,0.6,2048
2889,838,2.439772165999898,37.0,126693.0,150,0.6,2048
2890,839,2.442669665999915,37.0,126844.0,150,0.6,2048
2891,840,2.445785624999985,37.0,126995.0,150,0.6,2048
2892,841,2.448705249999989,37.0,127146.0,150,0.6,2048
2893,842,2.4515776249999135,37.0,127297.0,150,0.6,2048
2894,843,2.4545479999999316,37.0,127448.0,150,0.6,2048
2895,844,2.4576461249999966,37.0,127599.0,150,0.6,2048
2896,845,2.460544999999911,37.0,127750.0,150,0.6,2048
2897,846,2.4634206659999336,37.0,127901.0,150,0.6,2048
2898,847,2.466297999999938,37.0,128052.0,150,0.6,2048
2899,848,2.469199249999974,37.0,128203.0,150,0.6,2048
2900,849,2.4720736250000073,37.0,128354.0,150,0.6,2048
2901,850,2.4749342079999224,37.0,128505.0,150,0.6,2048
2902,851,2.4778401659999645,37.0,128656.0,150,0.6,2048
2903,852,2.480728499999941,37.0,128807.0,150,0.6,2048
2904,853,2.4836262079999187,37.0,128958.0,150,0.6,2048
2905,854,2.4865482499999416,37.0,129109.0,150,0.6,2048
2906,855,2.489499415999944,37.0,129260.0,150,0.6,2048
2907,856,2.4924072499999284,37.0,129411.0,150,0.6,2048
2908,857,2.4953344159999915,37.0,129562.0,150,0.6,2048
2909,858,2.498293665999995,37.0,129713.0,150,0.6,2048
2910,859,2.5012178329999415,37.0,129864.0,150,0.6,2048
2911,860,2.5041224579999835,37.0,130015.0,150,0.6,2048
2912,861,2.5070779999999786,37.0,130166.0,150,0.6,2048
2913,862,2.510025208000002,37.0,130317.0,150,0.6,2048
2914,863,2.5132002909999756,37.0,130468.0,150,0.6,2048
2915,864,2.516130457999907,37.0,130619.0,150,0.6,2048
2916,865,2.519008582999959,37.0,130770.0,150,0.6,2048
2917,866,2.5221078749999606,37.0,130921.0,150,0.6,2048
2918,867,2.5251139160000093,37.0,131072.0,150,0.6,2048
2919,868,2.5280313329999444,37.0,131223.0,150,0.6,2048
2920,869,2.530950125000004,37.0,131374.0,150,0.6,2048
2921,870,2.533828499999913,37.0,131525.0,150,0.6,2048
2922,871,2.5366995829999723,37.0,131676.0,150,0.6,2048
2923,872,2.539577832999953,37.0,131827.0,150,0.6,2048
2924,873,2.5424795409999206,37.0,131978.0,150,0.6,2048
2925,874,2.5453953749999982,37.0,132129.0,150,0.6,2048
2926,875,2.5482614579999563,37.0,132280.0,150,0.6,2048
2927,876,2.5511859160000085,37.0,132431.0,150,0.6,2048
2928,877,2.5540733749999163,37.0,132582.0,150,0.6,2048
2929,878,2.556952249999995,37.0,132733.0,150,0.6,2048
2930,879,2.5598215409999057,37.0,132884.0,150,0.6,2048
2931,880,2.562690790999909,37.0,133035.0,150,0.6,2048
2932,881,2.565567957999974,37.0,133186.0,150,0.6,2048
2933,882,2.5684981249999055,37.0,133337.0,150,0.6,2048
2934,883,2.571449874999985,37.0,133488.0,150,0.6,2048
2935,884,2.5743930829999044,37.0,133639.0,150,0.6,2048
2936,885,2.5774433329999056,37.0,133790.0,150,0.6,2048
2937,886,2.5804874159999827,37.0,133941.0,150,0.6,2048
2938,887,2.5833782500000098,37.0,134092.0,150,0.6,2048
2939,888,2.586242249999941,37.0,134243.0,150,0.6,2048
2940,889,2.589365832999988,37.0,134394.0,150,0.6,2048
2941,890,2.5924868329999526,37.0,134545.0,150,0.6,2048
2942,891,2.595426790999909,37.0,134696.0,150,0.6,2048
2943,892,2.5983580829999937,37.0,134847.0,150,0.6,2048
2944,893,2.601292540999907,37.0,134998.0,150,0.6,2048
2945,894,2.604197749999912,37.0,135149.0,150,0.6,2048
2946,895,2.6070985000000064,37.0,135300.0,150,0.6,2048
2947,896,2.6100005409999767,37.0,135451.0,150,0.6,2048
2948,897,2.6131417079999437,37.0,135602.0,150,0.6,2048
2949,898,2.616053999999963,37.0,135753.0,150,0.6,2048
2950,899,2.6189394159999893,37.0,135904.0,150,0.6,2048
2951,900,2.622103250000009,37.0,136055.0,150,0.6,2048
2952,901,2.62504270799991,37.0,136206.0,150,0.6,2048
2953,902,2.6279124159999583,37.0,136357.0,150,0.6,2048
2954,903,2.6307854159999806,37.0,136508.0,150,0.6,2048
2955,904,2.633684707999919,37.0,136659.0,150,0.6,2048
2956,905,2.6365472909999426,37.0,136810.0,150,0.6,2048
2957,906,2.6394519159999845,37.0,136961.0,150,0.6,2048
2958,907,2.642373665999912,37.0,137112.0,150,0.6,2048
2959,908,2.645455957999957,37.0,137263.0,150,0.6,2048
2960,909,2.6484147499999153,37.0,137414.0,150,0.6,2048
2961,910,2.651323457999979,37.0,137565.0,150,0.6,2048
2962,911,2.6542233330000045,37.0,137716.0,150,0.6,2048
2963,912,2.6571360409999443,37.0,137867.0,150,0.6,2048
2964,913,2.6600416249999626,37.0,138018.0,150,0.6,2048
2965,914,2.6629381249999824,37.0,138169.0,150,0.6,2048
2966,915,2.665825957999914,37.0,138320.0,150,0.6,2048
2967,916,2.6687454579999894,37.0,138471.0,150,0.6,2048
2968,917,2.671633624999913,37.0,138622.0,150,0.6,2048
2969,918,2.6745982499999172,37.0,138773.0,150,0.6,2048
2970,919,2.6776588330000095,37.0,138924.0,150,0.6,2048
2971,920,2.6806824579999784,37.0,139075.0,150,0.6,2048
2972,921,2.68355695799994,37.0,139226.0,150,0.6,2048
2973,922,2.6864508329999808,37.0,139377.0,150,0.6,2048
2974,923,2.6895533329999353,37.0,139528.0,150,0.6,2048
2975,924,2.692474415999982,37.0,139679.0,150,0.6,2048
2976,925,2.6953790829999207,37.0,139830.0,150,0.6,2048
2977,926,2.6982881659999975,37.0,139981.0,150,0.6,2048
2978,927,2.7011909999999943,37.0,140132.0,150,0.6,2048
2979,928,2.7040843749999794,37.0,140283.0,150,0.6,2048
2980,929,2.706991832999961,37.0,140434.0,150,0.6,2048
2981,930,2.7099094159999595,37.0,140585.0,150,0.6,2048
2982,931,2.712849707999908,37.0,140736.0,150,0.6,2048
2983,932,2.715757582999913,37.0,140887.0,150,0.6,2048
2984,933,2.7186509160000014,37.0,141038.0,150,0.6,2048
2985,934,2.7215224579999813,37.0,141189.0,150,0.6,2048
2986,935,2.724403790999986,37.0,141340.0,150,0.6,2048
2987,936,2.727285624999922,37.0,141491.0,150,0.6,2048
2988,937,2.7301558329999125,37.0,141642.0,150,0.6,2048
2989,938,2.733049790999985,37.0,141793.0,150,0.6,2048
2990,939,2.7359246249999387,37.0,141944.0,150,0.6,2048
2991,940,2.738826832999962,37.0,142095.0,150,0.6,2048
2992,941,2.741719749999902,37.0,142246.0,150,0.6,2048
2993,942,2.74466762499992,37.0,142397.0,150,0.6,2048
2994,943,2.747551082999962,37.0,142548.0,150,0.6,2048
2995,944,2.7504344579999724,37.0,142699.0,150,0.6,2048
2996,945,2.753293165999935,37.0,142850.0,150,0.6,2048
2997,946,2.7561714999999367,37.0,143001.0,150,0.6,2048
2998,947,2.7590825830000085,37.0,143152.0,150,0.6,2048
2999,948,2.7620137499999373,37.0,143303.0,150,0.6,2048
3000,949,2.7649797079999416,37.0,143454.0,150,0.6,2048
3001,950,2.7679140409999263,37.0,143605.0,150,0.6,2048
3002,951,2.770858915999952,37.0,143756.0,150,0.6,2048
3003,952,2.7738314160000073,37.0,143907.0,150,0.6,2048
3004,953,2.7767790829999512,37.0,144058.0,150,0.6,2048
3005,954,2.7797079579999036,37.0,144209.0,150,0.6,2048
3006,955,2.782635916000004,37.0,144360.0,150,0.6,2048
3007,956,2.7855828329999213,37.0,144511.0,150,0.6,2048
3008,957,2.788544624999986,37.0,144662.0,150,0.6,2048
3009,958,2.7915043749999313,37.0,144813.0,150,0.6,2048
3010,959,2.794466249999914,37.0,144964.0,150,0.6,2048
3011,960,2.7974116659999027,37.0,145115.0,150,0.6,2048
3012,961,2.8003758329999755,37.0,145266.0,150,0.6,2048
3013,962,2.803319041000009,37.0,145417.0,150,0.6,2048
3014,963,2.806245957999977,37.0,145568.0,150,0.6,2048
3015,964,2.8091792079999323,37.0,145719.0,150,0.6,2048
3016,965,2.812345915999913,37.0,145870.0,150,0.6,2048
3017,966,2.8153242079999927,37.0,146021.0,150,0.6,2048
3018,967,2.81821541599993,37.0,146172.0,150,0.6,2048
3019,968,2.8212529579999455,37.0,146323.0,150,0.6,2048
3020,969,2.824377082999945,37.0,146474.0,150,0.6,2048
3021,970,2.8272924999999987,37.0,146625.0,150,0.6,2048
3022,971,2.83018012499997,37.0,146776.0,150,0.6,2048
3023,972,2.833091207999928,37.0,146927.0,150,0.6,2048
3024,973,2.836014582999951,37.0,147078.0,150,0.6,2048
3025,974,2.8388910829999077,37.0,147229.0,150,0.6,2048
3026,975,2.8417975410000054,37.0,147380.0,150,0.6,2048
3027,976,2.8447858329999463,37.0,147531.0,150,0.6,2048
3028,977,2.84799504099999,37.0,147682.0,150,0.6,2048
3029,978,2.8509189579999656,37.0,147833.0,150,0.6,2048
3030,979,2.8538509579999527,37.0,147984.0,150,0.6,2048
3031,980,2.856767915999967,37.0,148135.0,150,0.6,2048
3032,981,2.8597004160000097,37.0,148286.0,150,0.6,2048
3033,982,2.862608874999978,37.0,148437.0,150,0.6,2048
3034,983,2.8655152499999303,37.0,148588.0,150,0.6,2048
3035,984,2.8684146249999003,37.0,148739.0,150,0.6,2048
3036,985,2.8713338329999942,37.0,148890.0,150,0.6,2048
3037,986,2.8742204999999785,37.0,149041.0,150,0.6,2048
3038,987,2.8771190829999114,37.0,149192.0,150,0.6,2048
3039,988,2.880099915999949,37.0,149343.0,150,0.6,2048
3040,989,2.8830575829999816,37.0,149494.0,150,0.6,2048
3041,990,2.8859528329999193,37.0,149645.0,150,0.6,2048
3042,991,2.888865332999899,37.0,149796.0,150,0.6,2048
3043,992,2.891758624999966,37.0,149947.0,150,0.6,2048
3044,993,2.894663207999997,37.0,150098.0,150,0.6,2048
3045,994,2.8975777079999716,37.0,150249.0,150,0.6,2048
3046,995,2.9004982499999414,37.0,150400.0,150,0.6,2048
3047,996,2.903401290999909,37.0,150551.0,150,0.6,2048
3048,997,2.9062973329999977,37.0,150702.0,150,0.6,2048
3049,998,2.9092074999999795,37.0,150853.0,150,0.6,2048
3050,999,2.9121206659999643,37.0,151004.0,150,0.6,2048
3051,1000,2.915040165999926,37.0,151155.0,150,0.6,2048
3052,1001,2.917945624999902,37.0,151306.0,150,0.6,2048
3053,1002,2.9208434159999115,37.0,151457.0,150,0.6,2048
3054,1003,2.923746166000001,37.0,151608.0,150,0.6,2048
3055,1004,2.926682082999946,37.0,151759.0,150,0.6,2048
3056,1005,2.9295710409999174,37.0,151910.0,150,0.6,2048
3057,1006,2.932471499999906,37.0,152061.0,150,0.6,2048
3058,1007,2.9354047079999646,37.0,152212.0,150,0.6,2048
3059,1008,2.9383277079999743,37.0,152363.0,150,0.6,2048
3060,1009,2.9412004999999226,37.0,152514.0,150,0.6,2048
3061,1010,2.9441559159999997,37.0,152665.0,150,0.6,2048
3062,1011,2.947121999999922,37.0,152816.0,150,0.6,2048
3063,1012,2.950233874999981,37.0,152967.0,150,0.6,2048
3064,1013,2.953170540999963,37.0,153118.0,150,0.6,2048
3065,1014,2.956084457999964,37.0,153269.0,150,0.6,2048
3066,1015,2.9589428329999237,37.0,153420.0,150,0.6,2048
