column0,Iteration,Time,Fitness,FEvals,use_fast_mimic,Population Size,Keep Percent,max_iters
0,0,0.0034483750000617874,177.0,150.0,false,150,0.25,512
1,1,0.02633358399998542,185.0,302.0,false,150,0.25,512
2,2,0.0434488749999673,195.0,454.0,false,150,0.25,512
3,3,0.06062166700007765,205.0,606.0,false,150,0.25,512
4,4,0.07553883400009909,205.0,757.0,false,150,0.25,512
5,5,0.09391683400008333,211.0,909.0,false,150,0.25,512
6,6,0.10883445900003608,211.0,1060.0,false,150,0.25,512
7,7,0.12406608400010555,211.0,1211.0,false,150,0.25,512
8,8,0.1377053749999959,211.0,1362.0,false,150,0.25,512
9,9,0.15262441699996998,211.0,1513.0,false,150,0.25,512
10,10,0.16611549999993258,211.0,1664.0,false,150,0.25,512
11,11,0.17912366700011262,211.0,1815.0,false,150,0.25,512
12,12,0.19218704200011416,211.0,1966.0,false,150,0.25,512
13,13,0.2049085000001014,211.0,2117.0,false,150,0.25,512
14,14,0.21815770900002462,211.0,2268.0,false,150,0.25,512
15,15,0.23086516700004722,211.0,2419.0,false,150,0.25,512
16,16,0.2437192499999128,211.0,2570.0,false,150,0.25,512
17,17,0.2583462499999314,211.0,2721.0,false,150,0.25,512
18,18,0.2708689169999161,211.0,2872.0,false,150,0.25,512
19,19,0.2836133339999378,211.0,3023.0,false,150,0.25,512
20,20,0.296589584000003,211.0,3174.0,false,150,0.25,512
21,21,0.30910225000002356,211.0,3325.0,false,150,0.25,512
22,22,0.3219169999999849,211.0,3476.0,false,150,0.25,512
23,23,0.3346222919999491,211.0,3627.0,false,150,0.25,512
24,24,0.3475527919999877,211.0,3778.0,false,150,0.25,512
25,25,0.36070183400011047,211.0,3929.0,false,150,0.25,512
26,26,0.3733454170001096,211.0,4080.0,false,150,0.25,512
27,27,0.385887417000049,211.0,4231.0,false,150,0.25,512
28,28,0.39838304199997765,211.0,4382.0,false,150,0.25,512
29,29,0.41097004199991716,211.0,4533.0,false,150,0.25,512
30,30,0.4235770840000441,211.0,4684.0,false,150,0.25,512
31,31,0.43598279200000434,211.0,4835.0,false,150,0.25,512
32,32,0.44862349999993967,211.0,4986.0,false,150,0.25,512
33,33,0.4636121670000648,211.0,5137.0,false,150,0.25,512
34,34,0.4763747090000834,211.0,5288.0,false,150,0.25,512
35,35,0.48915983400002006,211.0,5439.0,false,150,0.25,512
36,36,0.502046584000027,211.0,5590.0,false,150,0.25,512
37,37,0.5145371670000713,211.0,5741.0,false,150,0.25,512
38,38,0.5272617919999902,211.0,5892.0,false,150,0.25,512
39,39,0.5398056250000991,211.0,6043.0,false,150,0.25,512
40,40,0.5524450000000343,211.0,6194.0,false,150,0.25,512
41,41,0.5651254169999902,211.0,6345.0,false,150,0.25,512
42,42,0.5776584590000766,211.0,6496.0,false,150,0.25,512
43,43,0.5902692500001194,211.0,6647.0,false,150,0.25,512
44,44,0.602736584000013,211.0,6798.0,false,150,0.25,512
45,45,0.6152592089999871,211.0,6949.0,false,150,0.25,512
46,46,0.6276984169999196,211.0,7100.0,false,150,0.25,512
47,47,0.6401681249999456,211.0,7251.0,false,150,0.25,512
48,48,0.6528177499999401,211.0,7402.0,false,150,0.25,512
49,49,0.6655822919999537,211.0,7553.0,false,150,0.25,512
50,50,0.6780123749999802,211.0,7704.0,false,150,0.25,512
51,51,0.6906096669999897,211.0,7855.0,false,150,0.25,512
52,52,0.7034280000000308,211.0,8006.0,false,150,0.25,512
53,53,0.7158088749999933,211.0,8157.0,false,150,0.25,512
54,54,0.7280950839999605,211.0,8308.0,false,150,0.25,512
55,55,0.7404681250000067,211.0,8459.0,false,150,0.25,512
56,56,0.7528612920000342,211.0,8610.0,false,150,0.25,512
57,57,0.7651727919999303,211.0,8761.0,false,150,0.25,512
58,58,0.7776507500000207,211.0,8912.0,false,150,0.25,512
59,59,0.7903214170000865,211.0,9063.0,false,150,0.25,512
60,60,0.8034784169999512,211.0,9214.0,false,150,0.25,512
61,61,0.8165672499999346,211.0,9365.0,false,150,0.25,512
62,62,0.8297010000001137,211.0,9516.0,false,150,0.25,512
63,63,0.8426016670000536,211.0,9667.0,false,150,0.25,512
64,64,0.8552872089999255,211.0,9818.0,false,150,0.25,512
65,65,0.8703183750001244,211.0,9969.0,false,150,0.25,512
66,66,0.8831956250000985,211.0,10120.0,false,150,0.25,512
67,67,0.8957269170000473,211.0,10271.0,false,150,0.25,512
68,68,0.9081447500000195,211.0,10422.0,false,150,0.25,512
69,69,0.9206275839999307,211.0,10573.0,false,150,0.25,512
70,70,0.9334928749999563,211.0,10724.0,false,150,0.25,512
71,71,0.9461787499999446,211.0,10875.0,false,150,0.25,512
72,72,0.9588205420000122,211.0,11026.0,false,150,0.25,512
73,73,0.9717190420001316,211.0,11177.0,false,150,0.25,512
74,74,0.9844743749999907,211.0,11328.0,false,150,0.25,512
75,75,0.9974576669999351,211.0,11479.0,false,150,0.25,512
76,76,1.0101470419999714,211.0,11630.0,false,150,0.25,512
77,77,1.0227098749999186,211.0,11781.0,false,150,0.25,512
78,78,1.0354963750000934,211.0,11932.0,false,150,0.25,512
79,79,1.0479441669999687,211.0,12083.0,false,150,0.25,512
80,80,1.0601987499999268,211.0,12234.0,false,150,0.25,512
81,81,1.0728023750000375,211.0,12385.0,false,150,0.25,512
82,82,1.0855668340000193,211.0,12536.0,false,150,0.25,512
83,83,1.0982996249999815,211.0,12687.0,false,150,0.25,512
84,84,1.1107602500001121,211.0,12838.0,false,150,0.25,512
85,85,1.1231207920000088,211.0,12989.0,false,150,0.25,512
86,86,1.1357544590000543,211.0,13140.0,false,150,0.25,512
87,87,1.1481941249999181,211.0,13291.0,false,150,0.25,512
88,88,1.1609820000001037,211.0,13442.0,false,150,0.25,512
89,89,1.1734511249999287,211.0,13593.0,false,150,0.25,512
90,90,1.1858937500001048,211.0,13744.0,false,150,0.25,512
91,91,1.198347374999912,211.0,13895.0,false,150,0.25,512
92,92,1.210774542000081,211.0,14046.0,false,150,0.25,512
93,93,1.223189333999926,211.0,14197.0,false,150,0.25,512
94,94,1.2360062919999564,211.0,14348.0,false,150,0.25,512
95,95,1.2485113749999073,211.0,14499.0,false,150,0.25,512
96,96,1.2616459589999067,211.0,14650.0,false,150,0.25,512
97,97,1.2753156670000863,211.0,14801.0,false,150,0.25,512
98,98,1.2892166250001083,211.0,14952.0,false,150,0.25,512
99,99,1.3024697500000002,211.0,15103.0,false,150,0.25,512
100,100,1.3155854589999763,211.0,15254.0,false,150,0.25,512
101,101,1.3283697500000926,211.0,15405.0,false,150,0.25,512
102,102,1.3409461250000732,211.0,15556.0,false,150,0.25,512
103,103,1.354297208999924,211.0,15707.0,false,150,0.25,512
104,104,1.3669653340000423,211.0,15858.0,false,150,0.25,512
105,105,1.379490917000112,211.0,16009.0,false,150,0.25,512
106,106,1.391831166999964,211.0,16160.0,false,150,0.25,512
107,107,1.4042389169999296,211.0,16311.0,false,150,0.25,512
108,108,1.4167760000000271,211.0,16462.0,false,150,0.25,512
109,109,1.4293720840000788,211.0,16613.0,false,150,0.25,512
110,110,1.4418097499999476,211.0,16764.0,false,150,0.25,512
111,111,1.4542785000001004,211.0,16915.0,false,150,0.25,512
112,112,1.4668966670001282,211.0,17066.0,false,150,0.25,512
113,113,1.4795020419999219,211.0,17217.0,false,150,0.25,512
114,114,1.492431459000045,211.0,17368.0,false,150,0.25,512
115,115,1.5049664590001157,211.0,17519.0,false,150,0.25,512
116,116,1.5175368749999052,211.0,17670.0,false,150,0.25,512
117,117,1.5298917089999122,211.0,17821.0,false,150,0.25,512
118,118,1.542300834000116,211.0,17972.0,false,150,0.25,512
119,119,1.554821666999942,211.0,18123.0,false,150,0.25,512
120,120,1.5676989589999266,211.0,18274.0,false,150,0.25,512
121,121,1.5806454169999142,211.0,18425.0,false,150,0.25,512
122,122,1.593606791999946,211.0,18576.0,false,150,0.25,512
123,123,1.6066572090001046,211.0,18727.0,false,150,0.25,512
124,124,1.6196842500000912,211.0,18878.0,false,150,0.25,512
125,125,1.63276258399992,211.0,19029.0,false,150,0.25,512
126,126,1.645325875000026,211.0,19180.0,false,150,0.25,512
127,127,1.6582191249999596,211.0,19331.0,false,150,0.25,512
128,128,1.6712210840000807,211.0,19482.0,false,150,0.25,512
129,129,1.6864775419999205,211.0,19633.0,false,150,0.25,512
130,130,1.6993743339999128,211.0,19784.0,false,150,0.25,512
131,131,1.7118571250000514,211.0,19935.0,false,150,0.25,512
132,132,1.724526959000059,211.0,20086.0,false,150,0.25,512
133,133,1.7373212919999332,211.0,20237.0,false,150,0.25,512
134,134,1.7499920000000202,211.0,20388.0,false,150,0.25,512
135,135,1.7629440000000614,211.0,20539.0,false,150,0.25,512
136,136,1.7754632920000404,211.0,20690.0,false,150,0.25,512
137,137,1.788194792000013,211.0,20841.0,false,150,0.25,512
138,138,1.800937334000082,211.0,20992.0,false,150,0.25,512
139,139,1.8139972500000567,211.0,21143.0,false,150,0.25,512
140,140,1.8269517500000347,211.0,21294.0,false,150,0.25,512
141,141,1.8394433749999735,211.0,21445.0,false,150,0.25,512
142,142,1.8520375000000513,211.0,21596.0,false,150,0.25,512
143,143,1.8648718340000414,211.0,21747.0,false,150,0.25,512
144,144,1.877286292000008,211.0,21898.0,false,150,0.25,512
145,145,1.8901842089999263,211.0,22049.0,false,150,0.25,512
146,146,1.9030379590001303,211.0,22200.0,false,150,0.25,512
147,147,1.9155570000000353,211.0,22351.0,false,150,0.25,512
148,148,1.9282842499999333,211.0,22502.0,false,150,0.25,512
149,149,1.9408271669999522,211.0,22653.0,false,150,0.25,512
150,150,1.9534430000001066,211.0,22804.0,false,150,0.25,512
151,151,1.966180500000064,211.0,22955.0,false,150,0.25,512
152,152,1.978705792000028,211.0,23106.0,false,150,0.25,512
153,153,1.9912971250000737,211.0,23257.0,false,150,0.25,512
154,154,2.0042645000000903,211.0,23408.0,false,150,0.25,512
155,155,2.0171165839999503,211.0,23559.0,false,150,0.25,512
156,156,2.0299775000000864,211.0,23710.0,false,150,0.25,512
157,157,2.04280037500007,211.0,23861.0,false,150,0.25,512
158,158,2.0554219170001033,211.0,24012.0,false,150,0.25,512
159,159,2.0682409999999436,211.0,24163.0,false,150,0.25,512
160,160,2.080593542000088,211.0,24314.0,false,150,0.25,512
161,161,2.0932416670000293,211.0,24465.0,false,150,0.25,512
162,162,2.10608974999991,211.0,24616.0,false,150,0.25,512
163,163,2.1187033749999955,211.0,24767.0,false,150,0.25,512
164,164,2.131262459000027,211.0,24918.0,false,150,0.25,512
165,165,2.1440281669999877,211.0,25069.0,false,150,0.25,512
166,166,2.1569191250000586,211.0,25220.0,false,150,0.25,512
167,167,2.1693745840000247,211.0,25371.0,false,150,0.25,512
168,168,2.1822188339999684,211.0,25522.0,false,150,0.25,512
169,169,2.195005667000032,211.0,25673.0,false,150,0.25,512
170,170,2.207460125000125,211.0,25824.0,false,150,0.25,512
171,171,2.2204162919999817,211.0,25975.0,false,150,0.25,512
172,172,2.2331294170001,211.0,26126.0,false,150,0.25,512
173,173,2.2457964590000756,211.0,26277.0,false,150,0.25,512
174,174,2.258610709000095,211.0,26428.0,false,150,0.25,512
175,175,2.2710680420000244,211.0,26579.0,false,150,0.25,512
176,176,2.283861166999941,211.0,26730.0,false,150,0.25,512
177,177,2.296262709000075,211.0,26881.0,false,150,0.25,512
178,178,2.3090811249999206,211.0,27032.0,false,150,0.25,512
179,179,2.3217649170001096,211.0,27183.0,false,150,0.25,512
180,180,2.3346438749999834,211.0,27334.0,false,150,0.25,512
181,181,2.347508249999919,211.0,27485.0,false,150,0.25,512
182,182,2.3603979170000002,211.0,27636.0,false,150,0.25,512
183,183,2.37290083400012,211.0,27787.0,false,150,0.25,512
184,184,2.385664542000086,211.0,27938.0,false,150,0.25,512
185,185,2.3983875000001262,211.0,28089.0,false,150,0.25,512
186,186,2.4108932920000825,211.0,28240.0,false,150,0.25,512
187,187,2.4232479590000366,211.0,28391.0,false,150,0.25,512
188,188,2.435830249999981,211.0,28542.0,false,150,0.25,512
189,189,2.4486991250000756,211.0,28693.0,false,150,0.25,512
190,190,2.4614344589999746,211.0,28844.0,false,150,0.25,512
191,191,2.474032167000132,211.0,28995.0,false,150,0.25,512
192,192,2.4869517090000954,211.0,29146.0,false,150,0.25,512
193,193,2.500053125000022,211.0,29297.0,false,150,0.25,512
194,194,2.512697709000122,211.0,29448.0,false,150,0.25,512
195,195,2.5257738340001197,211.0,29599.0,false,150,0.25,512
196,196,2.538307292000127,211.0,29750.0,false,150,0.25,512
197,197,2.551143459000059,211.0,29901.0,false,150,0.25,512
198,198,2.563952083999993,211.0,30052.0,false,150,0.25,512
199,199,2.5764050000000225,211.0,30203.0,false,150,0.25,512
200,200,2.589891125000122,211.0,30354.0,false,150,0.25,512
201,201,2.602535959000079,211.0,30505.0,false,150,0.25,512
202,202,2.615468875000033,211.0,30656.0,false,150,0.25,512
203,203,2.6281585419999374,211.0,30807.0,false,150,0.25,512
204,204,2.641104499999983,211.0,30958.0,false,150,0.25,512
205,205,2.6540206669999407,211.0,31109.0,false,150,0.25,512
206,206,2.6664927090000674,211.0,31260.0,false,150,0.25,512
207,207,2.6790573749999567,211.0,31411.0,false,150,0.25,512
208,208,2.691445708999936,211.0,31562.0,false,150,0.25,512
209,209,2.7038565420000396,211.0,31713.0,false,150,0.25,512
210,210,2.7163158339999427,211.0,31864.0,false,150,0.25,512
211,211,2.7287978750000548,211.0,32015.0,false,150,0.25,512
212,212,2.7413567090000015,211.0,32166.0,false,150,0.25,512
213,213,2.753796541999918,211.0,32317.0,false,150,0.25,512
214,214,2.766257084000017,211.0,32468.0,false,150,0.25,512
215,215,2.778698416999987,211.0,32619.0,false,150,0.25,512
216,216,2.7914221250000537,211.0,32770.0,false,150,0.25,512
217,217,2.8042410840000684,211.0,32921.0,false,150,0.25,512
218,218,2.8168665840000813,211.0,33072.0,false,150,0.25,512
219,219,2.8296383340000375,211.0,33223.0,false,150,0.25,512
220,220,2.8422569589999966,211.0,33374.0,false,150,0.25,512
221,221,2.8547419589999663,211.0,33525.0,false,150,0.25,512
222,222,2.8675975420001123,211.0,33676.0,false,150,0.25,512
223,223,2.8801815419999457,211.0,33827.0,false,150,0.25,512
224,224,2.89251349999995,211.0,33978.0,false,150,0.25,512
225,225,2.9050270000000182,211.0,34129.0,false,150,0.25,512
226,226,2.9177052499999263,211.0,34280.0,false,150,0.25,512
227,227,2.930179500000122,211.0,34431.0,false,150,0.25,512
228,228,2.9426692920001187,211.0,34582.0,false,150,0.25,512
229,229,2.955283541999961,211.0,34733.0,false,150,0.25,512
230,230,2.9677664590001314,211.0,34884.0,false,150,0.25,512
231,231,2.98037783399991,211.0,35035.0,false,150,0.25,512
232,232,2.9930578749999768,211.0,35186.0,false,150,0.25,512
233,233,3.005636500000037,211.0,35337.0,false,150,0.25,512
234,234,3.0181157500001063,211.0,35488.0,false,150,0.25,512
235,235,3.0305595840000024,211.0,35639.0,false,150,0.25,512
236,236,3.042993959000114,211.0,35790.0,false,150,0.25,512
237,237,3.0554990840000755,211.0,35941.0,false,150,0.25,512
238,238,3.067952625000089,211.0,36092.0,false,150,0.25,512
239,239,3.0804197919999297,211.0,36243.0,false,150,0.25,512
240,240,3.092928625000013,211.0,36394.0,false,150,0.25,512
241,241,3.1053462499999114,211.0,36545.0,false,150,0.25,512
242,242,3.117942874999926,211.0,36696.0,false,150,0.25,512
243,243,3.130408541999941,211.0,36847.0,false,150,0.25,512
244,244,3.142871624999998,211.0,36998.0,false,150,0.25,512
245,245,3.155824791999976,211.0,37149.0,false,150,0.25,512
246,246,3.1686471670000174,211.0,37300.0,false,150,0.25,512
247,247,3.181315834000088,211.0,37451.0,false,150,0.25,512
248,248,3.1940674590000526,211.0,37602.0,false,150,0.25,512
249,249,3.206509042000107,211.0,37753.0,false,150,0.25,512
250,250,3.2190900840000722,211.0,37904.0,false,150,0.25,512
251,251,3.2314212500000394,211.0,38055.0,false,150,0.25,512
252,252,3.24377933400001,211.0,38206.0,false,150,0.25,512
253,253,3.2563235000000077,211.0,38357.0,false,150,0.25,512
254,254,3.268786000000091,211.0,38508.0,false,150,0.25,512
255,255,3.2812811250000777,211.0,38659.0,false,150,0.25,512
256,256,3.2937563339999087,211.0,38810.0,false,150,0.25,512
257,257,3.310038084000098,211.0,38961.0,false,150,0.25,512
258,258,3.32274229199993,211.0,39112.0,false,150,0.25,512
259,259,3.3352440000001025,211.0,39263.0,false,150,0.25,512
260,260,3.347746208999979,211.0,39414.0,false,150,0.25,512
261,261,3.3607469999999466,211.0,39565.0,false,150,0.25,512
262,262,3.373257125000009,211.0,39716.0,false,150,0.25,512
263,263,3.385942833999934,211.0,39867.0,false,150,0.25,512
264,264,3.3987657499999386,211.0,40018.0,false,150,0.25,512
265,265,3.4111966250000023,211.0,40169.0,false,150,0.25,512
266,266,3.4237307500000043,211.0,40320.0,false,150,0.25,512
267,267,3.436440583999911,211.0,40471.0,false,150,0.25,512
268,268,3.4489914170001157,211.0,40622.0,false,150,0.25,512
269,269,3.461750959000028,211.0,40773.0,false,150,0.25,512
270,270,3.47422579199997,211.0,40924.0,false,150,0.25,512
271,271,3.486949459000016,211.0,41075.0,false,150,0.25,512
272,272,3.500049624999974,211.0,41226.0,false,150,0.25,512
273,273,3.5127338750000945,211.0,41377.0,false,150,0.25,512
274,274,3.5252780420000818,211.0,41528.0,false,150,0.25,512
275,275,3.5378284999999323,211.0,41679.0,false,150,0.25,512
276,276,3.5505081250000785,211.0,41830.0,false,150,0.25,512
277,277,3.5633401669999785,211.0,41981.0,false,150,0.25,512
278,278,3.575906125000074,211.0,42132.0,false,150,0.25,512
279,279,3.5883967919999122,211.0,42283.0,false,150,0.25,512
280,280,3.6007983750000676,211.0,42434.0,false,150,0.25,512
281,281,3.6132547090001026,211.0,42585.0,false,150,0.25,512
282,282,3.6259838749999744,211.0,42736.0,false,150,0.25,512
283,283,3.638608834000024,211.0,42887.0,false,150,0.25,512
284,284,3.651299999999992,211.0,43038.0,false,150,0.25,512
285,285,3.663830708999967,211.0,43189.0,false,150,0.25,512
286,286,3.676268666999931,211.0,43340.0,false,150,0.25,512
287,287,3.6886250420000124,211.0,43491.0,false,150,0.25,512
288,288,3.7010267919999933,211.0,43642.0,false,150,0.25,512
289,289,3.7134881249999125,211.0,43793.0,false,150,0.25,512
290,290,3.726302709000038,211.0,43944.0,false,150,0.25,512
291,291,3.738866166999969,211.0,44095.0,false,150,0.25,512
292,292,3.75138554199998,211.0,44246.0,false,150,0.25,512
293,293,3.763807541999995,211.0,44397.0,false,150,0.25,512
294,294,3.776318041999957,211.0,44548.0,false,150,0.25,512
295,295,3.7889254589999837,211.0,44699.0,false,150,0.25,512
296,296,3.801398125000105,211.0,44850.0,false,150,0.25,512
297,297,3.8139180420000685,211.0,45001.0,false,150,0.25,512
298,298,3.826796958999921,211.0,45152.0,false,150,0.25,512
299,299,3.8393322500000977,211.0,45303.0,false,150,0.25,512
300,300,3.8517208749999554,211.0,45454.0,false,150,0.25,512
301,301,3.8642717089999223,211.0,45605.0,false,150,0.25,512
302,302,3.8767792090000057,211.0,45756.0,false,150,0.25,512
303,303,3.889266791999944,211.0,45907.0,false,150,0.25,512
304,304,3.901700291999987,211.0,46058.0,false,150,0.25,512
305,305,3.9142157090000183,211.0,46209.0,false,150,0.25,512
306,306,3.9270012920001136,211.0,46360.0,false,150,0.25,512
307,307,3.9395409589999417,211.0,46511.0,false,150,0.25,512
308,308,3.952173584000093,211.0,46662.0,false,150,0.25,512
309,309,3.96460904200012,211.0,46813.0,false,150,0.25,512
310,310,3.9770437090000996,211.0,46964.0,false,150,0.25,512
311,311,3.989536625000028,211.0,47115.0,false,150,0.25,512
312,312,4.002041583999926,211.0,47266.0,false,150,0.25,512
313,313,4.014496250000093,211.0,47417.0,false,150,0.25,512
314,314,4.026939416999994,211.0,47568.0,false,150,0.25,512
315,315,4.039397334000114,211.0,47719.0,false,150,0.25,512
316,316,4.0519934999999805,211.0,47870.0,false,150,0.25,512
317,317,4.0648722089999865,211.0,48021.0,false,150,0.25,512
318,318,4.077434792000076,211.0,48172.0,false,150,0.25,512
319,319,4.089962667000009,211.0,48323.0,false,150,0.25,512
320,320,4.102949667000075,211.0,48474.0,false,150,0.25,512
321,321,4.115563916999918,211.0,48625.0,false,150,0.25,512
322,322,4.128088417000072,211.0,48776.0,false,150,0.25,512
323,323,4.140596624999944,211.0,48927.0,false,150,0.25,512
324,324,4.153149875000054,211.0,49078.0,false,150,0.25,512
325,325,4.165647750000062,211.0,49229.0,false,150,0.25,512
326,326,4.178157750000082,211.0,49380.0,false,150,0.25,512
327,327,4.19072462500003,211.0,49531.0,false,150,0.25,512
328,328,4.20344225000008,211.0,49682.0,false,150,0.25,512
329,329,4.216020750000098,211.0,49833.0,false,150,0.25,512
330,330,4.228314583999918,211.0,49984.0,false,150,0.25,512
331,331,4.240774584000064,211.0,50135.0,false,150,0.25,512
332,332,4.253282334000005,211.0,50286.0,false,150,0.25,512
333,333,4.265928000000031,211.0,50437.0,false,150,0.25,512
334,334,4.278306334000035,211.0,50588.0,false,150,0.25,512
335,335,4.29090066699996,211.0,50739.0,false,150,0.25,512
336,336,4.30356795900002,211.0,50890.0,false,150,0.25,512
337,337,4.316064124999912,211.0,51041.0,false,150,0.25,512
338,338,4.32896258400001,211.0,51192.0,false,150,0.25,512
339,339,4.341627000000017,211.0,51343.0,false,150,0.25,512
340,340,4.354142625000122,211.0,51494.0,false,150,0.25,512
341,341,4.366638334000072,211.0,51645.0,false,150,0.25,512
342,342,4.379044167000075,211.0,51796.0,false,150,0.25,512
343,343,4.391384458999937,211.0,51947.0,false,150,0.25,512
344,344,4.4038097089999155,211.0,52098.0,false,150,0.25,512
345,345,4.416205334000097,211.0,52249.0,false,150,0.25,512
346,346,4.428547125000023,211.0,52400.0,false,150,0.25,512
347,347,4.440951959000131,211.0,52551.0,false,150,0.25,512
348,348,4.453373916999908,211.0,52702.0,false,150,0.25,512
349,349,4.466356459000053,211.0,52853.0,false,150,0.25,512
350,350,4.479183666999916,211.0,53004.0,false,150,0.25,512
351,351,4.492244750000054,211.0,53155.0,false,150,0.25,512
352,352,4.504859249999981,211.0,53306.0,false,150,0.25,512
353,353,4.517401999999947,211.0,53457.0,false,150,0.25,512
354,354,4.530111084000055,211.0,53608.0,false,150,0.25,512
355,355,4.542619000000059,211.0,53759.0,false,150,0.25,512
356,356,4.555164333999983,211.0,53910.0,false,150,0.25,512
357,357,4.567947709000009,211.0,54061.0,false,150,0.25,512
358,358,4.580382625000084,211.0,54212.0,false,150,0.25,512
359,359,4.593421042000045,211.0,54363.0,false,150,0.25,512
360,360,4.606084875000079,211.0,54514.0,false,150,0.25,512
361,361,4.6188118750001195,211.0,54665.0,false,150,0.25,512
362,362,4.631345042000021,211.0,54816.0,false,150,0.25,512
363,363,4.6442389999999705,211.0,54967.0,false,150,0.25,512
364,364,4.656919000000016,211.0,55118.0,false,150,0.25,512
365,365,4.669703125000069,211.0,55269.0,false,150,0.25,512
366,366,4.6822723340001176,211.0,55420.0,false,150,0.25,512
367,367,4.695707125000126,211.0,55571.0,false,150,0.25,512
368,368,4.708799709000004,211.0,55722.0,false,150,0.25,512
369,369,4.722138208999922,211.0,55873.0,false,150,0.25,512
370,370,4.734663791999992,211.0,56024.0,false,150,0.25,512
371,371,4.747471500000074,211.0,56175.0,false,150,0.25,512
372,372,4.7604714169999625,211.0,56326.0,false,150,0.25,512
373,373,4.773181042000033,211.0,56477.0,false,150,0.25,512
374,374,4.786003584000127,211.0,56628.0,false,150,0.25,512
375,375,4.798826167000016,211.0,56779.0,false,150,0.25,512
376,376,4.811412541999971,211.0,56930.0,false,150,0.25,512
377,377,4.824420292000013,211.0,57081.0,false,150,0.25,512
378,378,4.837613375000046,211.0,57232.0,false,150,0.25,512
379,379,4.850665417000073,211.0,57383.0,false,150,0.25,512
380,380,4.863524124999913,211.0,57534.0,false,150,0.25,512
381,381,4.876385583999991,211.0,57685.0,false,150,0.25,512
382,382,4.889522334000048,211.0,57836.0,false,150,0.25,512
383,383,4.902327458999935,211.0,57987.0,false,150,0.25,512
384,384,4.915051833999996,211.0,58138.0,false,150,0.25,512
385,385,4.927832709000086,211.0,58289.0,false,150,0.25,512
386,386,4.940808542000013,211.0,58440.0,false,150,0.25,512
387,387,4.953889500000059,211.0,58591.0,false,150,0.25,512
388,388,4.967057999999952,211.0,58742.0,false,150,0.25,512
389,389,4.979892500000005,211.0,58893.0,false,150,0.25,512
390,390,4.9930410839999695,211.0,59044.0,false,150,0.25,512
391,391,5.005559167000001,211.0,59195.0,false,150,0.25,512
392,392,5.018269292000014,211.0,59346.0,false,150,0.25,512
393,393,5.030895750000127,211.0,59497.0,false,150,0.25,512
394,394,5.043547209000053,211.0,59648.0,false,150,0.25,512
395,395,5.056315042000051,211.0,59799.0,false,150,0.25,512
396,396,5.068780709000066,211.0,59950.0,false,150,0.25,512
397,397,5.081309666999914,211.0,60101.0,false,150,0.25,512
398,398,5.094010084000047,211.0,60252.0,false,150,0.25,512
399,399,5.106515083999966,211.0,60403.0,false,150,0.25,512
400,400,5.119304374999956,211.0,60554.0,false,150,0.25,512
401,401,5.132097791999968,211.0,60705.0,false,150,0.25,512
402,402,5.144687417000114,211.0,60856.0,false,150,0.25,512
403,403,5.157673542000111,211.0,61007.0,false,150,0.25,512
404,404,5.170529250000072,211.0,61158.0,false,150,0.25,512
405,405,5.1833180840001205,211.0,61309.0,false,150,0.25,512
406,406,5.196068834000016,211.0,61460.0,false,150,0.25,512
407,407,5.2085922920000485,211.0,61611.0,false,150,0.25,512
408,408,5.221232958999963,211.0,61762.0,false,150,0.25,512
409,409,5.233820833999971,211.0,61913.0,false,150,0.25,512
410,410,5.246325916999922,211.0,62064.0,false,150,0.25,512
411,411,5.25898470900006,211.0,62215.0,false,150,0.25,512
412,412,5.27150974999995,211.0,62366.0,false,150,0.25,512
413,413,5.284069917000124,211.0,62517.0,false,150,0.25,512
414,414,5.296722084000066,211.0,62668.0,false,150,0.25,512
415,415,5.309225125000012,211.0,62819.0,false,150,0.25,512
416,416,5.3217230420000305,211.0,62970.0,false,150,0.25,512
417,417,5.335061458999917,211.0,63121.0,false,150,0.25,512
418,418,5.3482027089999065,211.0,63272.0,false,150,0.25,512
419,419,5.361381791999975,211.0,63423.0,false,150,0.25,512
420,420,5.376188167000009,211.0,63574.0,false,150,0.25,512
421,421,5.390385083999945,211.0,63725.0,false,150,0.25,512
422,422,5.403671917000111,211.0,63876.0,false,150,0.25,512
423,423,5.416705084000114,211.0,64027.0,false,150,0.25,512
424,424,5.429421291999915,211.0,64178.0,false,150,0.25,512
425,425,5.44200016700006,211.0,64329.0,false,150,0.25,512
426,426,5.455071709000094,211.0,64480.0,false,150,0.25,512
427,427,5.4687946250001005,211.0,64631.0,false,150,0.25,512
428,428,5.483027209000056,211.0,64782.0,false,150,0.25,512
429,429,5.4970384170001125,211.0,64933.0,false,150,0.25,512
430,430,5.510464124999999,211.0,65084.0,false,150,0.25,512
431,431,5.5243274590000055,211.0,65235.0,false,150,0.25,512
432,432,5.539605584000128,211.0,65386.0,false,150,0.25,512
433,433,5.5536685419999685,211.0,65537.0,false,150,0.25,512
434,434,5.567030500000101,211.0,65688.0,false,150,0.25,512
435,435,5.580566709000095,211.0,65839.0,false,150,0.25,512
436,436,5.594161499999927,211.0,65990.0,false,150,0.25,512
437,437,5.6067724590000125,211.0,66141.0,false,150,0.25,512
438,438,5.619609958999945,211.0,66292.0,false,150,0.25,512
439,439,5.6322686250000515,211.0,66443.0,false,150,0.25,512
440,440,5.644947666999997,211.0,66594.0,false,150,0.25,512
441,441,5.6579246670000884,211.0,66745.0,false,150,0.25,512
442,442,5.6704579170000216,211.0,66896.0,false,150,0.25,512
443,443,5.68303949999995,211.0,67047.0,false,150,0.25,512
444,444,5.696572958999923,211.0,67198.0,false,150,0.25,512
445,445,5.7092882500001,211.0,67349.0,false,150,0.25,512
446,446,5.721839167000098,211.0,67500.0,false,150,0.25,512
447,447,5.734631541999988,211.0,67651.0,false,150,0.25,512
448,448,5.747387916999969,211.0,67802.0,false,150,0.25,512
449,449,5.759988416999931,211.0,67953.0,false,150,0.25,512
450,450,5.772807458999978,211.0,68104.0,false,150,0.25,512
451,451,5.785388250000096,211.0,68255.0,false,150,0.25,512
452,452,5.79790283400007,211.0,68406.0,false,150,0.25,512
453,453,5.810412167000095,211.0,68557.0,false,150,0.25,512
454,454,5.822946499999944,211.0,68708.0,false,150,0.25,512
455,455,5.835457958999996,211.0,68859.0,false,150,0.25,512
456,456,5.847933292000107,211.0,69010.0,false,150,0.25,512
457,457,5.860824291999961,211.0,69161.0,false,150,0.25,512
458,458,5.873769416999949,211.0,69312.0,false,150,0.25,512
459,459,5.886810209000032,211.0,69463.0,false,150,0.25,512
460,460,5.899588792000031,211.0,69614.0,false,150,0.25,512
461,461,5.912454042000036,211.0,69765.0,false,150,0.25,512
462,462,5.925596999999925,211.0,69916.0,false,150,0.25,512
463,463,5.938660250000112,211.0,70067.0,false,150,0.25,512
464,464,5.951584916999991,211.0,70218.0,false,150,0.25,512
465,465,5.964245916999971,211.0,70369.0,false,150,0.25,512
466,466,5.977060791999975,211.0,70520.0,false,150,0.25,512
467,467,5.989835459000005,211.0,70671.0,false,150,0.25,512
468,468,6.002543709000065,211.0,70822.0,false,150,0.25,512
469,469,6.01517412499993,211.0,70973.0,false,150,0.25,512
470,470,6.027826834000052,211.0,71124.0,false,150,0.25,512
471,471,6.040451416999986,211.0,71275.0,false,150,0.25,512
472,472,6.053322041999991,211.0,71426.0,false,150,0.25,512
473,473,6.066353083999957,211.0,71577.0,false,150,0.25,512
474,474,6.079284124999958,211.0,71728.0,false,150,0.25,512
475,475,6.09236620899992,211.0,71879.0,false,150,0.25,512
476,476,6.10524245900001,211.0,72030.0,false,150,0.25,512
477,477,6.118580209000129,211.0,72181.0,false,150,0.25,512
478,478,6.131185292000055,211.0,72332.0,false,150,0.25,512
479,479,6.14398504199994,211.0,72483.0,false,150,0.25,512
480,480,6.156694209000079,211.0,72634.0,false,150,0.25,512
481,481,6.169273750000002,211.0,72785.0,false,150,0.25,512
482,482,6.181959250000091,211.0,72936.0,false,150,0.25,512
483,483,6.194857459000104,211.0,73087.0,false,150,0.25,512
484,484,6.207453750000013,211.0,73238.0,false,150,0.25,512
485,485,6.22017483400009,211.0,73389.0,false,150,0.25,512
486,486,6.2329147499999635,211.0,73540.0,false,150,0.25,512
487,487,6.245805458999939,211.0,73691.0,false,150,0.25,512
488,488,6.258740125000031,211.0,73842.0,false,150,0.25,512
489,489,6.271318249999922,211.0,73993.0,false,150,0.25,512
490,490,6.283934875000114,211.0,74144.0,false,150,0.25,512
491,491,6.296661084000107,211.0,74295.0,false,150,0.25,512
492,492,6.309286459000077,211.0,74446.0,false,150,0.25,512
493,493,6.322114333999934,211.0,74597.0,false,150,0.25,512
494,494,6.3347146250000606,211.0,74748.0,false,150,0.25,512
495,495,6.3476430420000725,211.0,74899.0,false,150,0.25,512
496,496,6.360417000000098,211.0,75050.0,false,150,0.25,512
497,497,6.373163750000003,211.0,75201.0,false,150,0.25,512
498,498,6.386568417000035,211.0,75352.0,false,150,0.25,512
499,499,6.399360291999983,211.0,75503.0,false,150,0.25,512
500,500,6.412270792000072,211.0,75654.0,false,150,0.25,512
501,501,6.425251874999958,211.0,75805.0,false,150,0.25,512
502,502,6.4377657919999365,211.0,75956.0,false,150,0.25,512
503,503,6.450716709000062,211.0,76107.0,false,150,0.25,512
504,504,6.463260417000129,211.0,76258.0,false,150,0.25,512
505,505,6.475937292000026,211.0,76409.0,false,150,0.25,512
