,Iteration,Fitness,FEvals,Time,State,Restarts,max_iters,current_restart
0,0,10.0,0,6.96669999911137e-05,"[0, 1, 0, 0, 0, 1, 0, 0, 0, 1, 0, 0, 0, 0, 1, 0, 1, 1, 1, 0]",25,512,0
1,1,10.0,1,0.003492749999992384,"[0, 1, 0, 0, 0, 1, 0, 0, 0, 1, 0, 0, 0, 0, 1, 0, 1, 1, 1, 0]",25,512,0
2,2,12.0,3,0.00501916700000038,"[0, 1, 0, 0, 0, 1, 0, 0, 0, 1, 0, 1, 0, 0, 1, 0, 1, 1, 1, 0]",25,512,0
3,4,12.0,5,0.006261084000001915,"[0, 1, 0, 0, 0, 1, 0, 0, 0, 1, 0, 1, 0, 0, 1, 0, 1, 1, 1, 0]",25,512,0
4,8,12.0,9,0.00751387500000078,"[0, 1, 0, 0, 0, 1, 0, 0, 0, 1, 0, 1, 0, 0, 1, 0, 1, 1, 1, 0]",25,512,0
5,16,12.0,17,0.008869208999996658,"[0, 1, 0, 0, 0, 1, 0, 0, 0, 1, 0, 1, 0, 0, 1, 0, 1, 1, 1, 0]",25,512,0
6,32,18.0,36,0.010455292000003169,"[0, 1, 0, 1, 0, 1, 0, 1, 0, 1, 0, 1, 0, 0, 1, 0, 1, 0, 1, 0]",25,512,0
7,64,18.0,68,0.012314333999995597,"[0, 1, 0, 1, 0, 1, 0, 1, 0, 1, 0, 1, 0, 0, 1, 0, 1, 0, 1, 0]",25,512,0
8,128,18.0,132,0.015250709000000029,"[0, 1, 0, 1, 0, 1, 0, 1, 0, 1, 0, 1, 0, 0, 1, 0, 1, 0, 1, 0]",25,512,0
9,256,18.0,260,0.021959249999994768,"[0, 1, 0, 1, 0, 1, 0, 1, 0, 1, 0, 1, 0, 0, 1, 0, 1, 0, 1, 0]",25,512,0
10,512,18.0,516,0.041698374999995735,"[0, 1, 0, 1, 0, 1, 0, 1, 0, 1, 0, 1, 0, 0, 1, 0, 1, 0, 1, 0]",25,512,0
11,0,6.0,516,0.04543099999999356,"[0, 0, 0, 0, 0, 1, 1, 1, 1, 0, 0, 0, 1, 1, 0, 0, 1, 1, 0, 0]",25,512,1
12,1,8.0,518,0.04814837499999669,"[0, 0, 1, 0, 0, 1, 1, 1, 1, 0, 0, 0, 1, 1, 0, 0, 1, 1, 0, 0]",25,512,1
13,2,8.0,519,0.050752708999993956,"[0, 0, 1, 0, 0, 1, 1, 1, 1, 0, 0, 0, 1, 1, 0, 0, 1, 1, 0, 0]",25,512,1
14,4,8.0,521,0.05358933399999444,"[0, 0, 1, 0, 0, 1, 1, 1, 1, 0, 0, 0, 1, 1, 0, 0, 1, 1, 0, 0]",25,512,1
15,8,11.0,527,0.056660958999998456,"[0, 0, 1, 0, 0, 1, 1, 0, 1, 0, 0, 0, 1, 1, 0, 0, 1, 1, 0, 1]",25,512,1
16,16,12.0,536,0.05982391700000278,"[1, 0, 1, 0, 0, 1, 1, 0, 1, 0, 0, 0, 1, 1, 0, 0, 1, 1, 0, 1]",25,512,1
17,32,14.0,553,0.06388262499999087,"[1, 0, 1, 0, 0, 1, 1, 0, 1, 0, 1, 0, 1, 1, 0, 0, 1, 1, 0, 1]",25,512,1
18,64,14.0,585,0.06952562499999715,"[1, 0, 1, 0, 0, 1, 1, 0, 1, 0, 1, 0, 1, 1, 0, 0, 1, 1, 0, 1]",25,512,1
19,128,14.0,649,0.07870749999999305,"[1, 0, 1, 0, 0, 1, 1, 0, 1, 0, 1, 0, 1, 1, 0, 0, 1, 1, 0, 1]",25,512,1
20,256,14.0,777,0.09613154199999485,"[1, 0, 1, 0, 0, 1, 1, 0, 1, 0, 1, 0, 1, 1, 0, 0, 1, 1, 0, 1]",25,512,1
21,512,14.0,1033,0.1362228750000014,"[1, 0, 1, 0, 0, 1, 1, 0, 1, 0, 1, 0, 1, 1, 0, 0, 1, 1, 0, 1]",25,512,1
22,0,8.0,1033,0.1407434589999923,"[0, 1, 1, 1, 0, 1, 1, 1, 0, 0, 0, 1, 1, 1, 0, 0, 1, 0, 0, 0]",25,512,2
23,1,10.0,1035,0.14561895900000366,"[0, 1, 0, 1, 0, 1, 1, 1, 0, 0, 0, 1, 1, 1, 0, 0, 1, 0, 0, 0]",25,512,2
24,2,10.0,1036,0.1498528340000007,"[0, 1, 0, 1, 0, 1, 1, 1, 0, 0, 0, 1, 1, 1, 0, 0, 1, 0, 0, 0]",25,512,2
25,4,10.0,1038,0.15429154199999573,"[0, 1, 0, 1, 0, 1, 1, 1, 0, 0, 0, 1, 1, 1, 0, 0, 1, 0, 0, 0]",25,512,2
26,8,12.0,1043,0.15920358399999657,"[0, 1, 0, 1, 0, 1, 1, 1, 0, 0, 0, 1, 1, 1, 0, 0, 1, 0, 1, 0]",25,512,2
27,16,12.0,1051,0.1645237089999938,"[0, 1, 0, 1, 0, 1, 1, 1, 0, 0, 0, 1, 1, 1, 0, 0, 1, 0, 1, 0]",25,512,2
28,32,16.0,1069,0.17179466700000035,"[0, 1, 0, 1, 0, 1, 0, 1, 0, 1, 0, 1, 1, 1, 0, 0, 1, 0, 1, 0]",25,512,2
29,64,18.0,1102,0.18203416699999764,"[0, 1, 0, 1, 0, 1, 0, 1, 0, 1, 0, 1, 0, 1, 0, 0, 1, 0, 1, 0]",25,512,2
30,128,18.0,1166,0.19823220899999683,"[0, 1, 0, 1, 0, 1, 0, 1, 0, 1, 0, 1, 0, 1, 0, 0, 1, 0, 1, 0]",25,512,2
31,256,18.0,1294,0.22682829199999333,"[0, 1, 0, 1, 0, 1, 0, 1, 0, 1, 0, 1, 0, 1, 0, 0, 1, 0, 1, 0]",25,512,2
32,512,18.0,1550,0.2867444169999942,"[0, 1, 0, 1, 0, 1, 0, 1, 0, 1, 0, 1, 0, 1, 0, 0, 1, 0, 1, 0]",25,512,2
33,0,11.0,1550,0.3112322500000033,"[1, 1, 1, 1, 0, 1, 1, 0, 1, 0, 1, 0, 0, 0, 0, 1, 0, 1, 0, 0]",25,512,3
34,1,11.0,1551,0.317621416999998,"[1, 1, 1, 1, 0, 1, 1, 0, 1, 0, 1, 0, 0, 0, 0, 1, 0, 1, 0, 0]",25,512,3
35,2,11.0,1552,0.32349137500000325,"[1, 1, 1, 1, 0, 1, 1, 0, 1, 0, 1, 0, 0, 0, 0, 1, 0, 1, 0, 0]",25,512,3
36,4,11.0,1554,0.32950570900000287,"[1, 1, 1, 1, 0, 1, 1, 0, 1, 0, 1, 0, 0, 0, 0, 1, 0, 1, 0, 0]",25,512,3
37,8,12.0,1559,0.3363178749999918,"[1, 1, 1, 1, 0, 1, 1, 0, 1, 0, 1, 0, 0, 0, 0, 1, 0, 1, 0, 1]",25,512,3
38,16,14.0,1568,0.34428258399999834,"[1, 1, 0, 1, 0, 1, 1, 0, 1, 0, 1, 0, 0, 0, 0, 1, 0, 1, 0, 1]",25,512,3
39,32,16.0,1585,0.3540869999999927,"[1, 1, 0, 1, 0, 1, 1, 0, 1, 0, 1, 0, 0, 1, 0, 1, 0, 1, 0, 1]",25,512,3
40,64,17.0,1618,0.3681364170000023,"[0, 1, 0, 1, 0, 1, 1, 0, 1, 0, 1, 0, 0, 1, 0, 1, 0, 1, 0, 1]",25,512,3
41,128,17.0,1682,0.3896903750000007,"[0, 1, 0, 1, 0, 1, 1, 0, 1, 0, 1, 0, 0, 1, 0, 1, 0, 1, 0, 1]",25,512,3
42,256,17.0,1810,0.42950041699999986,"[0, 1, 0, 1, 0, 1, 1, 0, 1, 0, 1, 0, 0, 1, 0, 1, 0, 1, 0, 1]",25,512,3
43,512,17.0,2066,0.5109741670000005,"[0, 1, 0, 1, 0, 1, 1, 0, 1, 0, 1, 0, 0, 1, 0, 1, 0, 1, 0, 1]",25,512,3
44,0,9.0,2066,0.5193835419999999,"[1, 0, 0, 0, 1, 1, 0, 1, 1, 0, 0, 1, 0, 1, 1, 1, 1, 1, 1, 0]",25,512,4
45,1,9.0,2067,0.528031624999997,"[1, 0, 0, 0, 1, 1, 0, 1, 1, 0, 0, 1, 0, 1, 1, 1, 1, 1, 1, 0]",25,512,4
46,2,9.0,2068,0.5356458339999932,"[1, 0, 0, 0, 1, 1, 0, 1, 1, 0, 0, 1, 0, 1, 1, 1, 1, 1, 1, 0]",25,512,4
47,4,11.0,2071,0.543628083999991,"[1, 0, 0, 0, 1, 1, 0, 1, 1, 0, 0, 1, 0, 1, 1, 1, 1, 0, 1, 0]",25,512,4
48,8,11.0,2075,0.552856208999998,"[1, 0, 0, 0, 1, 1, 0, 1, 1, 0, 0, 1, 0, 1, 1, 1, 1, 0, 1, 0]",25,512,4
49,16,13.0,2084,0.5638102919999994,"[1, 0, 0, 0, 1, 1, 0, 1, 1, 0, 0, 1, 0, 1, 0, 1, 1, 0, 1, 0]",25,512,4
50,32,15.0,2101,0.5777554590000022,"[1, 0, 1, 0, 1, 1, 0, 1, 1, 0, 0, 1, 0, 1, 0, 1, 1, 0, 1, 0]",25,512,4
51,64,15.0,2133,0.5958889169999964,"[1, 0, 1, 0, 1, 1, 0, 1, 1, 0, 0, 1, 0, 1, 0, 1, 1, 0, 1, 0]",25,512,4
52,128,15.0,2197,0.6249916249999927,"[1, 0, 1, 0, 1, 1, 0, 1, 1, 0, 0, 1, 0, 1, 0, 1, 1, 0, 1, 0]",25,512,4
53,256,15.0,2325,0.6763376250000022,"[1, 0, 1, 0, 1, 1, 0, 1, 1, 0, 0, 1, 0, 1, 0, 1, 1, 0, 1, 0]",25,512,4
54,512,15.0,2581,0.7776301250000017,"[1, 0, 1, 0, 1, 1, 0, 1, 1, 0, 0, 1, 0, 1, 0, 1, 1, 0, 1, 0]",25,512,4
55,0,7.0,2581,0.7873501669999996,"[0, 0, 0, 1, 0, 1, 1, 1, 1, 1, 0, 0, 0, 1, 0, 0, 1, 1, 1, 1]",25,512,5
56,1,9.0,2583,0.7967020840000032,"[0, 0, 0, 1, 0, 1, 1, 1, 1, 1, 0, 0, 0, 1, 0, 0, 1, 1, 0, 1]",25,512,5
57,2,11.0,2585,0.806085834000001,"[0, 0, 0, 1, 0, 1, 1, 1, 1, 1, 0, 1, 0, 1, 0, 0, 1, 1, 0, 1]",25,512,5
58,4,13.0,2588,0.8156917089999922,"[0, 1, 0, 1, 0, 1, 1, 1, 1, 1, 0, 1, 0, 1, 0, 0, 1, 1, 0, 1]",25,512,5
59,8,15.0,2593,0.8261219169999947,"[0, 1, 0, 1, 0, 1, 1, 1, 0, 1, 0, 1, 0, 1, 0, 0, 1, 1, 0, 1]",25,512,5
60,16,15.0,2601,0.8380917089999969,"[0, 1, 0, 1, 0, 1, 1, 1, 0, 1, 0, 1, 0, 1, 0, 0, 1, 1, 0, 1]",25,512,5
61,32,15.0,2617,0.8533438340000004,"[0, 1, 0, 1, 0, 1, 1, 1, 0, 1, 0, 1, 0, 1, 0, 0, 1, 1, 0, 1]",25,512,5
62,64,17.0,2650,0.8749212919999962,"[0, 1, 0, 1, 0, 1, 0, 1, 0, 1, 0, 1, 0, 1, 0, 0, 1, 1, 0, 1]",25,512,5
63,128,17.0,2714,0.9090070839999953,"[0, 1, 0, 1, 0, 1, 0, 1, 0, 1, 0, 1, 0, 1, 0, 0, 1, 1, 0, 1]",25,512,5
64,256,17.0,2842,0.9706823749999955,"[0, 1, 0, 1, 0, 1, 0, 1, 0, 1, 0, 1, 0, 1, 0, 0, 1, 1, 0, 1]",25,512,5
65,512,17.0,3098,1.0987875419999966,"[0, 1, 0, 1, 0, 1, 0, 1, 0, 1, 0, 1, 0, 1, 0, 0, 1, 1, 0, 1]",25,512,5
66,0,10.0,3098,1.110018249999996,"[1, 0, 1, 0, 0, 1, 0, 1, 1, 0, 0, 1, 1, 0, 0, 0, 0, 1, 1, 1]",25,512,6
67,1,10.0,3099,1.121604333999997,"[1, 0, 1, 0, 0, 1, 0, 1, 1, 0, 0, 1, 1, 0, 0, 0, 0, 1, 1, 1]",25,512,6
68,2,10.0,3100,1.1326876250000026,"[1, 0, 1, 0, 0, 1, 0, 1, 1, 0, 0, 1, 1, 0, 0, 0, 0, 1, 1, 1]",25,512,6
69,4,10.0,3102,1.1446902090000037,"[1, 0, 1, 0, 0, 1, 0, 1, 1, 0, 0, 1, 1, 0, 0, 0, 0, 1, 1, 1]",25,512,6
70,8,12.0,3107,1.159548916999995,"[1, 0, 1, 0, 0, 1, 0, 1, 1, 0, 0, 1, 1, 0, 0, 1, 0, 1, 1, 1]",25,512,6
71,16,12.0,3115,1.1807179169999955,"[1, 0, 1, 0, 0, 1, 0, 1, 1, 0, 0, 1, 1, 0, 0, 1, 0, 1, 1, 1]",25,512,6
72,32,14.0,3132,1.200999374999995,"[1, 0, 1, 0, 0, 1, 0, 1, 1, 0, 0, 1, 1, 0, 0, 1, 0, 1, 0, 1]",25,512,6
73,64,14.0,3164,1.2415234999999996,"[1, 0, 1, 0, 0, 1, 0, 1, 1, 0, 0, 1, 1, 0, 0, 1, 0, 1, 0, 1]",25,512,6
74,128,14.0,3228,1.29405204199999,"[1, 0, 1, 0, 0, 1, 0, 1, 1, 0, 0, 1, 1, 0, 0, 1, 0, 1, 0, 1]",25,512,6
75,256,14.0,3356,1.396964749999995,"[1, 0, 1, 0, 0, 1, 0, 1, 1, 0, 0, 1, 1, 0, 0, 1, 0, 1, 0, 1]",25,512,6
76,512,14.0,3612,1.5860146670000006,"[1, 0, 1, 0, 0, 1, 0, 1, 1, 0, 0, 1, 1, 0, 0, 1, 0, 1, 0, 1]",25,512,6
77,0,10.0,3612,1.6016435419999908,"[0, 1, 1, 1, 0, 1, 1, 0, 0, 1, 1, 0, 0, 0, 1, 0, 0, 0, 1, 0]",25,512,7
78,1,10.0,3613,1.6230828340000016,"[0, 1, 1, 1, 0, 1, 1, 0, 0, 1, 1, 0, 0, 0, 1, 0, 0, 0, 1, 0]",25,512,7
79,2,10.0,3614,1.6380811669999957,"[0, 1, 1, 1, 0, 1, 1, 0, 0, 1, 1, 0, 0, 0, 1, 0, 0, 0, 1, 0]",25,512,7
80,4,10.0,3616,1.657694124999992,"[0, 1, 1, 1, 0, 1, 1, 0, 0, 1, 1, 0, 0, 0, 1, 0, 0, 0, 1, 0]",25,512,7
81,8,14.0,3622,1.672197459000003,"[0, 1, 0, 1, 0, 1, 1, 0, 0, 1, 1, 0, 1, 0, 1, 0, 0, 0, 1, 0]",25,512,7
82,16,14.0,3630,1.6905053339999938,"[0, 1, 0, 1, 0, 1, 1, 0, 0, 1, 1, 0, 1, 0, 1, 0, 0, 0, 1, 0]",25,512,7
83,32,14.0,3646,1.7194020419999987,"[0, 1, 0, 1, 0, 1, 1, 0, 0, 1, 1, 0, 1, 0, 1, 0, 0, 0, 1, 0]",25,512,7
84,64,16.0,3679,1.7605702089999937,"[0, 1, 0, 1, 0, 1, 1, 0, 0, 1, 1, 0, 1, 0, 1, 0, 1, 0, 1, 0]",25,512,7
85,128,16.0,3743,1.8105249589999914,"[0, 1, 0, 1, 0, 1, 1, 0, 0, 1, 1, 0, 1, 0, 1, 0, 1, 0, 1, 0]",25,512,7
86,256,16.0,3871,1.911963833999991,"[0, 1, 0, 1, 0, 1, 1, 0, 0, 1, 1, 0, 1, 0, 1, 0, 1, 0, 1, 0]",25,512,7
87,512,16.0,4127,2.0804011249999945,"[0, 1, 0, 1, 0, 1, 1, 0, 0, 1, 1, 0, 1, 0, 1, 0, 1, 0, 1, 0]",25,512,7
88,0,11.0,4127,2.0953195419999986,"[0, 0, 1, 0, 0, 0, 0, 1, 0, 1, 0, 1, 1, 0, 0, 1, 1, 0, 1, 1]",25,512,8
89,1,11.0,4128,2.110014417000002,"[0, 0, 1, 0, 0, 0, 0, 1, 0, 1, 0, 1, 1, 0, 0, 1, 1, 0, 1, 1]",25,512,8
90,2,11.0,4129,2.1253436669999957,"[0, 0, 1, 0, 0, 0, 0, 1, 0, 1, 0, 1, 1, 0, 0, 1, 1, 0, 1, 1]",25,512,8
91,4,11.0,4131,2.1415833340000034,"[0, 0, 1, 0, 0, 0, 0, 1, 0, 1, 0, 1, 1, 0, 0, 1, 1, 0, 1, 1]",25,512,8
92,8,11.0,4135,2.158348042,"[0, 0, 1, 0, 0, 0, 0, 1, 0, 1, 0, 1, 1, 0, 0, 1, 1, 0, 1, 1]",25,512,8
93,16,13.0,4144,2.17744845899999,"[0, 0, 1, 0, 1, 0, 0, 1, 0, 1, 0, 1, 1, 0, 0, 1, 1, 0, 1, 1]",25,512,8
94,32,14.0,4161,2.201818375000002,"[0, 0, 1, 0, 1, 0, 0, 1, 0, 1, 0, 1, 1, 0, 0, 1, 1, 0, 1, 0]",25,512,8
95,64,15.0,4194,2.2357649169999974,"[1, 0, 1, 0, 1, 0, 0, 1, 0, 1, 0, 1, 1, 0, 0, 1, 1, 0, 1, 0]",25,512,8
96,128,15.0,4258,2.2903092920000034,"[1, 0, 1, 0, 1, 0, 0, 1, 0, 1, 0, 1, 1, 0, 0, 1, 1, 0, 1, 0]",25,512,8
97,256,15.0,4386,2.387618291999999,"[1, 0, 1, 0, 1, 0, 0, 1, 0, 1, 0, 1, 1, 0, 0, 1, 1, 0, 1, 0]",25,512,8
98,512,15.0,4642,2.5764714999999967,"[1, 0, 1, 0, 1, 0, 0, 1, 0, 1, 0, 1, 1, 0, 0, 1, 1, 0, 1, 0]",25,512,8
99,0,6.0,4642,2.5930639999999983,"[0, 1, 0, 0, 0, 0, 1, 1, 0, 1, 1, 1, 1, 1, 1, 0, 0, 0, 0, 0]",25,512,9
100,1,8.0,4644,2.6088676669999984,"[0, 1, 0, 0, 0, 0, 1, 1, 0, 1, 1, 1, 1, 1, 1, 0, 0, 1, 0, 0]",25,512,9
101,2,8.0,4645,2.624574709000001,"[0, 1, 0, 0, 0, 0, 1, 1, 0, 1, 1, 1, 1, 1, 1, 0, 0, 1, 0, 0]",25,512,9
102,4,10.0,4648,2.6414635000000004,"[0, 1, 0, 1, 0, 0, 1, 1, 0, 1, 1, 1, 1, 1, 1, 0, 0, 1, 0, 0]",25,512,9
103,8,12.0,4653,2.659906958999997,"[0, 1, 0, 1, 0, 0, 1, 1, 0, 1, 1, 1, 0, 1, 1, 0, 0, 1, 0, 0]",25,512,9
104,16,12.0,4661,2.6810294590000012,"[0, 1, 0, 1, 0, 0, 1, 1, 0, 1, 1, 1, 0, 1, 1, 0, 0, 1, 0, 0]",25,512,9
105,32,14.0,4678,2.7072600420000015,"[0, 1, 0, 1, 0, 0, 1, 1, 0, 1, 0, 1, 0, 1, 1, 0, 0, 1, 0, 0]",25,512,9
106,64,15.0,4711,2.745664708999996,"[0, 1, 0, 1, 0, 0, 1, 1, 0, 1, 0, 1, 0, 1, 1, 0, 0, 1, 0, 1]",25,512,9
107,128,15.0,4775,2.8066544590000007,"[0, 1, 0, 1, 0, 0, 1, 1, 0, 1, 0, 1, 0, 1, 1, 0, 0, 1, 0, 1]",25,512,9
108,256,15.0,4903,2.9157599999999917,"[0, 1, 0, 1, 0, 0, 1, 1, 0, 1, 0, 1, 0, 1, 1, 0, 0, 1, 0, 1]",25,512,9
109,512,15.0,5159,3.122663541999998,"[0, 1, 0, 1, 0, 0, 1, 1, 0, 1, 0, 1, 0, 1, 1, 0, 0, 1, 0, 1]",25,512,9
110,0,12.0,5159,3.139954833999994,"[0, 0, 1, 1, 0, 0, 1, 0, 1, 1, 0, 1, 0, 0, 1, 0, 1, 1, 1, 0]",25,512,10
111,1,12.0,5160,3.157760166999992,"[0, 0, 1, 1, 0, 0, 1, 0, 1, 1, 0, 1, 0, 0, 1, 0, 1, 1, 1, 0]",25,512,10
112,2,12.0,5161,3.1755999169999996,"[0, 0, 1, 1, 0, 0, 1, 0, 1, 1, 0, 1, 0, 0, 1, 0, 1, 1, 1, 0]",25,512,10
113,4,13.0,5164,3.1940452919999984,"[1, 0, 1, 1, 0, 0, 1, 0, 1, 1, 0, 1, 0, 0, 1, 0, 1, 1, 1, 0]",25,512,10
114,8,15.0,5169,3.2137761249999954,"[1, 0, 1, 1, 0, 0, 1, 0, 1, 1, 0, 1, 0, 0, 1, 0, 1, 0, 1, 0]",25,512,10
115,16,15.0,5177,3.235897874999992,"[1, 0, 1, 1, 0, 0, 1, 0, 1, 1, 0, 1, 0, 0, 1, 0, 1, 0, 1, 0]",25,512,10
116,32,15.0,5193,3.2650643340000016,"[1, 0, 1, 1, 0, 0, 1, 0, 1, 1, 0, 1, 0, 0, 1, 0, 1, 0, 1, 0]",25,512,10
117,64,15.0,5225,3.3066565000000026,"[1, 0, 1, 1, 0, 0, 1, 0, 1, 1, 0, 1, 0, 0, 1, 0, 1, 0, 1, 0]",25,512,10
118,128,15.0,5289,3.374130334,"[1, 0, 1, 1, 0, 0, 1, 0, 1, 1, 0, 1, 0, 0, 1, 0, 1, 0, 1, 0]",25,512,10
119,256,15.0,5417,3.4952365420000007,"[1, 0, 1, 1, 0, 0, 1, 0, 1, 1, 0, 1, 0, 0, 1, 0, 1, 0, 1, 0]",25,512,10
120,512,15.0,5673,3.7234250839999987,"[1, 0, 1, 1, 0, 0, 1, 0, 1, 1, 0, 1, 0, 0, 1, 0, 1, 0, 1, 0]",25,512,10
121,0,9.0,5673,3.7429600840000035,"[0, 1, 1, 0, 1, 0, 0, 0, 1, 0, 0, 1, 1, 1, 1, 0, 0, 0, 1, 1]",25,512,11
122,1,9.0,5674,3.7630991249999965,"[0, 1, 1, 0, 1, 0, 0, 0, 1, 0, 0, 1, 1, 1, 1, 0, 0, 0, 1, 1]",25,512,11
123,2,9.0,5675,3.7828407089999985,"[0, 1, 1, 0, 1, 0, 0, 0, 1, 0, 0, 1, 1, 1, 1, 0, 0, 0, 1, 1]",25,512,11
124,4,11.0,5678,3.802727958999995,"[0, 1, 1, 0, 1, 0, 1, 0, 1, 0, 0, 1, 1, 1, 1, 0, 0, 0, 1, 1]",25,512,11
125,8,13.0,5683,3.8241564169999975,"[0, 1, 1, 0, 1, 0, 1, 0, 1, 0, 0, 1, 1, 1, 1, 0, 1, 0, 1, 1]",25,512,11
126,16,14.0,5692,3.8490080839999905,"[0, 1, 1, 0, 1, 0, 1, 0, 1, 0, 0, 1, 1, 1, 1, 0, 1, 0, 1, 0]",25,512,11
127,32,16.0,5709,3.879731708999998,"[0, 1, 1, 0, 1, 0, 1, 0, 1, 0, 0, 1, 1, 0, 1, 0, 1, 0, 1, 0]",25,512,11
128,64,16.0,5741,3.9236990419999955,"[0, 1, 1, 0, 1, 0, 1, 0, 1, 0, 0, 1, 1, 0, 1, 0, 1, 0, 1, 0]",25,512,11
129,128,16.0,5805,3.9951715839999906,"[0, 1, 1, 0, 1, 0, 1, 0, 1, 0, 0, 1, 1, 0, 1, 0, 1, 0, 1, 0]",25,512,11
130,256,16.0,5933,4.125133458999997,"[0, 1, 1, 0, 1, 0, 1, 0, 1, 0, 0, 1, 1, 0, 1, 0, 1, 0, 1, 0]",25,512,11
131,512,16.0,6189,4.371799416999991,"[0, 1, 1, 0, 1, 0, 1, 0, 1, 0, 0, 1, 1, 0, 1, 0, 1, 0, 1, 0]",25,512,11
132,0,11.0,6189,4.391370834,"[0, 1, 0, 1, 1, 1, 0, 0, 0, 0, 1, 1, 0, 1, 1, 0, 1, 1, 0, 1]",25,512,12
133,1,11.0,6190,4.41137587499999,"[0, 1, 0, 1, 1, 1, 0, 0, 0, 0, 1, 1, 0, 1, 1, 0, 1, 1, 0, 1]",25,512,12
134,2,11.0,6191,4.431035334000001,"[0, 1, 0, 1, 1, 1, 0, 0, 0, 0, 1, 1, 0, 1, 1, 0, 1, 1, 0, 1]",25,512,12
135,4,13.0,6194,4.451684458999992,"[0, 1, 0, 1, 0, 1, 0, 0, 0, 0, 1, 1, 0, 1, 1, 0, 1, 1, 0, 1]",25,512,12
136,8,13.0,6198,4.473852249999993,"[0, 1, 0, 1, 0, 1, 0, 0, 0, 0, 1, 1, 0, 1, 1, 0, 1, 1, 0, 1]",25,512,12
137,16,15.0,6207,4.50000683399999,"[0, 1, 0, 1, 0, 1, 0, 1, 0, 0, 1, 1, 0, 1, 1, 0, 1, 1, 0, 1]",25,512,12
138,32,15.0,6223,4.533298875,"[0, 1, 0, 1, 0, 1, 0, 1, 0, 0, 1, 1, 0, 1, 1, 0, 1, 1, 0, 1]",25,512,12
139,64,15.0,6255,4.581101750000002,"[0, 1, 0, 1, 0, 1, 0, 1, 0, 0, 1, 1, 0, 1, 1, 0, 1, 1, 0, 1]",25,512,12
140,128,15.0,6319,4.658814583999998,"[0, 1, 0, 1, 0, 1, 0, 1, 0, 0, 1, 1, 0, 1, 1, 0, 1, 1, 0, 1]",25,512,12
141,256,15.0,6447,4.796564042,"[0, 1, 0, 1, 0, 1, 0, 1, 0, 0, 1, 1, 0, 1, 1, 0, 1, 1, 0, 1]",25,512,12
142,512,15.0,6703,5.059268041999999,"[0, 1, 0, 1, 0, 1, 0, 1, 0, 0, 1, 1, 0, 1, 1, 0, 1, 1, 0, 1]",25,512,12
143,0,9.0,6703,5.08032708399999,"[1, 0, 0, 1, 1, 1, 0, 1, 1, 1, 1, 0, 0, 1, 0, 0, 0, 1, 0, 0]",25,512,13
144,1,9.0,6704,5.101347292,"[1, 0, 0, 1, 1, 1, 0, 1, 1, 1, 1, 0, 0, 1, 0, 0, 0, 1, 0, 0]",25,512,13
145,2,10.0,6706,5.12254158399999,"[1, 0, 0, 1, 1, 1, 0, 1, 1, 1, 1, 0, 0, 1, 0, 0, 0, 1, 0, 1]",25,512,13
146,4,10.0,6708,5.145245708999994,"[1, 0, 0, 1, 1, 1, 0, 1, 1, 1, 1, 0, 0, 1, 0, 0, 0, 1, 0, 1]",25,512,13
147,8,14.0,6714,5.169107666999992,"[1, 0, 0, 1, 0, 1, 0, 1, 1, 0, 1, 0, 0, 1, 0, 0, 0, 1, 0, 1]",25,512,13
148,16,16.0,6723,5.197197166999999,"[1, 0, 0, 1, 0, 1, 0, 1, 1, 0, 1, 0, 0, 1, 0, 1, 0, 1, 0, 1]",25,512,13
149,32,16.0,6739,5.232763792,"[1, 0, 0, 1, 0, 1, 0, 1, 1, 0, 1, 0, 0, 1, 0, 1, 0, 1, 0, 1]",25,512,13
150,64,16.0,6771,5.284894084000001,"[1, 0, 0, 1, 0, 1, 0, 1, 1, 0, 1, 0, 0, 1, 0, 1, 0, 1, 0, 1]",25,512,13
151,128,16.0,6835,5.368396500000003,"[1, 0, 0, 1, 0, 1, 0, 1, 1, 0, 1, 0, 0, 1, 0, 1, 0, 1, 0, 1]",25,512,13
152,256,16.0,6963,5.5181093749999945,"[1, 0, 0, 1, 0, 1, 0, 1, 1, 0, 1, 0, 0, 1, 0, 1, 0, 1, 0, 1]",25,512,13
153,512,16.0,7219,5.801809667000001,"[1, 0, 0, 1, 0, 1, 0, 1, 1, 0, 1, 0, 0, 1, 0, 1, 0, 1, 0, 1]",25,512,13
154,0,9.0,7219,5.824440416999991,"[1, 0, 0, 1, 1, 1, 0, 1, 0, 0, 0, 1, 1, 1, 0, 1, 0, 0, 0, 0]",25,512,14
155,1,11.0,7221,5.846957166999999,"[1, 0, 0, 1, 1, 1, 0, 1, 0, 1, 0, 1, 1, 1, 0, 1, 0, 0, 0, 0]",25,512,14
156,2,11.0,7222,5.8693442499999975,"[1, 0, 0, 1, 1, 1, 0, 1, 0, 1, 0, 1, 1, 1, 0, 1, 0, 0, 0, 0]",25,512,14
157,4,11.0,7224,5.893255374999995,"[1, 0, 0, 1, 1, 1, 0, 1, 0, 1, 0, 1, 1, 1, 0, 1, 0, 0, 0, 0]",25,512,14
158,8,14.0,7230,5.9193213749999956,"[1, 0, 0, 1, 1, 1, 0, 1, 0, 1, 0, 1, 0, 1, 0, 1, 0, 0, 0, 1]",25,512,14
159,16,16.0,7239,5.948912374999992,"[1, 0, 0, 1, 0, 1, 0, 1, 0, 1, 0, 1, 0, 1, 0, 1, 0, 0, 0, 1]",25,512,14
160,32,16.0,7255,5.98700925,"[1, 0, 0, 1, 0, 1, 0, 1, 0, 1, 0, 1, 0, 1, 0, 1, 0, 0, 0, 1]",25,512,14
161,64,18.0,7288,6.042534833999994,"[1, 0, 0, 1, 0, 1, 0, 1, 0, 1, 0, 1, 0, 1, 0, 1, 0, 1, 0, 1]",25,512,14
162,128,18.0,7352,6.131570709000002,"[1, 0, 0, 1, 0, 1, 0, 1, 0, 1, 0, 1, 0, 1, 0, 1, 0, 1, 0, 1]",25,512,14
163,256,18.0,7480,6.290782624999991,"[1, 0, 0, 1, 0, 1, 0, 1, 0, 1, 0, 1, 0, 1, 0, 1, 0, 1, 0, 1]",25,512,14
164,512,18.0,7736,6.5945219169999945,"[1, 0, 0, 1, 0, 1, 0, 1, 0, 1, 0, 1, 0, 1, 0, 1, 0, 1, 0, 1]",25,512,14
165,0,4.0,7736,6.618198749999991,"[1, 1, 1, 0, 0, 0, 1, 1, 1, 1, 0, 0, 0, 0, 0, 0, 0, 0, 1, 1]",25,512,15
166,1,4.0,7737,6.642040084000001,"[1, 1, 1, 0, 0, 0, 1, 1, 1, 1, 0, 0, 0, 0, 0, 0, 0, 0, 1, 1]",25,512,15
167,2,6.0,7739,6.665772292,"[1, 1, 1, 0, 1, 0, 1, 1, 1, 1, 0, 0, 0, 0, 0, 0, 0, 0, 1, 1]",25,512,15
168,4,8.0,7742,6.690955791999997,"[1, 1, 1, 0, 1, 0, 1, 1, 1, 1, 0, 0, 1, 0, 0, 0, 0, 0, 1, 1]",25,512,15
169,8,10.0,7747,6.718600084000002,"[1, 1, 1, 0, 1, 0, 1, 1, 1, 1, 0, 0, 1, 0, 1, 0, 0, 0, 1, 1]",25,512,15
170,16,12.0,7756,6.750162375000002,"[1, 1, 1, 0, 1, 0, 1, 0, 1, 1, 0, 0, 1, 0, 1, 0, 0, 0, 1, 1]",25,512,15
171,32,16.0,7775,6.791661958999995,"[0, 1, 1, 0, 1, 0, 1, 0, 1, 1, 0, 0, 1, 0, 1, 0, 1, 0, 1, 0]",25,512,15
172,64,16.0,7807,6.851305791999991,"[0, 1, 1, 0, 1, 0, 1, 0, 1, 1, 0, 0, 1, 0, 1, 0, 1, 0, 1, 0]",25,512,15
173,128,16.0,7871,6.947495791999998,"[0, 1, 1, 0, 1, 0, 1, 0, 1, 1, 0, 0, 1, 0, 1, 0, 1, 0, 1, 0]",25,512,15
174,256,16.0,7999,7.119251792,"[0, 1, 1, 0, 1, 0, 1, 0, 1, 1, 0, 0, 1, 0, 1, 0, 1, 0, 1, 0]",25,512,15
175,512,16.0,8255,7.444040083999994,"[0, 1, 1, 0, 1, 0, 1, 0, 1, 1, 0, 0, 1, 0, 1, 0, 1, 0, 1, 0]",25,512,15
176,0,9.0,8255,7.469101749999993,"[0, 0, 0, 0, 1, 1, 0, 1, 1, 0, 0, 1, 1, 1, 1, 0, 1, 0, 0, 1]",25,512,16
177,1,9.0,8256,7.495653791999999,"[0, 0, 0, 0, 1, 1, 0, 1, 1, 0, 0, 1, 1, 1, 1, 0, 1, 0, 0, 1]",25,512,16
178,2,10.0,8258,7.522557208999999,"[1, 0, 0, 0, 1, 1, 0, 1, 1, 0, 0, 1, 1, 1, 1, 0, 1, 0, 0, 1]",25,512,16
179,4,12.0,8261,7.549794124999991,"[1, 0, 0, 0, 1, 1, 0, 1, 1, 0, 0, 1, 0, 1, 1, 0, 1, 0, 0, 1]",25,512,16
180,8,12.0,8265,7.578997000000001,"[1, 0, 0, 0, 1, 1, 0, 1, 1, 0, 0, 1, 0, 1, 1, 0, 1, 0, 0, 1]",25,512,16
181,16,12.0,8273,7.613886459,"[1, 0, 0, 0, 1, 1, 0, 1, 1, 0, 0, 1, 0, 1, 1, 0, 1, 0, 0, 1]",25,512,16
182,32,14.0,8290,7.657863833999997,"[1, 0, 1, 0, 1, 1, 0, 1, 1, 0, 0, 1, 0, 1, 1, 0, 1, 0, 0, 1]",25,512,16
183,64,14.0,8322,7.720954458999998,"[1, 0, 1, 0, 1, 1, 0, 1, 1, 0, 0, 1, 0, 1, 1, 0, 1, 0, 0, 1]",25,512,16
184,128,14.0,8386,7.82317574999999,"[1, 0, 1, 0, 1, 1, 0, 1, 1, 0, 0, 1, 0, 1, 1, 0, 1, 0, 0, 1]",25,512,16
185,256,14.0,8514,8.005501874999993,"[1, 0, 1, 0, 1, 1, 0, 1, 1, 0, 0, 1, 0, 1, 1, 0, 1, 0, 0, 1]",25,512,16
186,512,14.0,8770,8.351929124999998,"[1, 0, 1, 0, 1, 1, 0, 1, 1, 0, 0, 1, 0, 1, 1, 0, 1, 0, 0, 1]",25,512,16
187,0,10.0,8770,8.378544708999996,"[0, 0, 0, 1, 1, 1, 0, 1, 0, 1, 0, 1, 1, 1, 0, 0, 0, 1, 0, 0]",25,512,17
188,1,10.0,8771,8.406508833999993,"[0, 0, 0, 1, 1, 1, 0, 1, 0, 1, 0, 1, 1, 1, 0, 0, 0, 1, 0, 0]",25,512,17
189,2,10.0,8772,8.433784291999999,"[0, 0, 0, 1, 1, 1, 0, 1, 0, 1, 0, 1, 1, 1, 0, 0, 0, 1, 0, 0]",25,512,17
190,4,11.0,8775,8.461772834000001,"[0, 0, 0, 1, 1, 1, 0, 1, 0, 1, 0, 1, 1, 1, 0, 0, 0, 1, 0, 1]",25,512,17
191,8,17.0,8782,8.492504999999994,"[0, 1, 0, 1, 1, 1, 0, 1, 0, 1, 0, 1, 0, 1, 0, 1, 0, 1, 0, 1]",25,512,17
192,16,19.0,8789,8.526870625,"[0, 1, 0, 1, 0, 1, 0, 1, 0, 1, 0, 1, 0, 1, 0, 1, 0, 1, 0, 1]",25,512,17
193,32,19.0,8789,8.526870625,"[0, 1, 0, 1, 0, 1, 0, 1, 0, 1, 0, 1, 0, 1, 0, 1, 0, 1, 0, 1]",25,512,17
194,64,19.0,8789,8.526870625,"[0, 1, 0, 1, 0, 1, 0, 1, 0, 1, 0, 1, 0, 1, 0, 1, 0, 1, 0, 1]",25,512,17
195,128,19.0,8789,8.526870625,"[0, 1, 0, 1, 0, 1, 0, 1, 0, 1, 0, 1, 0, 1, 0, 1, 0, 1, 0, 1]",25,512,17
196,256,19.0,8789,8.526870625,"[0, 1, 0, 1, 0, 1, 0, 1, 0, 1, 0, 1, 0, 1, 0, 1, 0, 1, 0, 1]",25,512,17
197,512,19.0,8789,8.526870625,"[0, 1, 0, 1, 0, 1, 0, 1, 0, 1, 0, 1, 0, 1, 0, 1, 0, 1, 0, 1]",25,512,17
198,0,10.0,0,6.112499998778276e-05,"[0, 1, 0, 0, 0, 1, 0, 0, 0, 1, 0, 0, 0, 0, 1, 0, 1, 1, 1, 0]",75,512,0
199,1,10.0,1,0.02670124999998791,"[0, 1, 0, 0, 0, 1, 0, 0, 0, 1, 0, 0, 0, 0, 1, 0, 1, 1, 1, 0]",75,512,0
200,2,12.0,3,0.053840790999998944,"[0, 1, 0, 0, 0, 1, 0, 0, 0, 1, 0, 1, 0, 0, 1, 0, 1, 1, 1, 0]",75,512,0
201,4,12.0,5,0.08114649999998846,"[0, 1, 0, 0, 0, 1, 0, 0, 0, 1, 0, 1, 0, 0, 1, 0, 1, 1, 1, 0]",75,512,0
202,8,12.0,9,0.10819858299998941,"[0, 1, 0, 0, 0, 1, 0, 0, 0, 1, 0, 1, 0, 0, 1, 0, 1, 1, 1, 0]",75,512,0
203,16,12.0,17,0.13520699999999408,"[0, 1, 0, 0, 0, 1, 0, 0, 0, 1, 0, 1, 0, 0, 1, 0, 1, 1, 1, 0]",75,512,0
204,32,18.0,36,0.1620083749999992,"[0, 1, 0, 1, 0, 1, 0, 1, 0, 1, 0, 1, 0, 0, 1, 0, 1, 0, 1, 0]",75,512,0
205,64,18.0,68,0.18964495799998815,"[0, 1, 0, 1, 0, 1, 0, 1, 0, 1, 0, 1, 0, 0, 1, 0, 1, 0, 1, 0]",75,512,0
206,128,18.0,132,0.217994499999989,"[0, 1, 0, 1, 0, 1, 0, 1, 0, 1, 0, 1, 0, 0, 1, 0, 1, 0, 1, 0]",75,512,0
207,256,18.0,260,0.2500036659999978,"[0, 1, 0, 1, 0, 1, 0, 1, 0, 1, 0, 1, 0, 0, 1, 0, 1, 0, 1, 0]",75,512,0
208,512,18.0,516,0.29604170799998997,"[0, 1, 0, 1, 0, 1, 0, 1, 0, 1, 0, 1, 0, 0, 1, 0, 1, 0, 1, 0]",75,512,0
209,0,6.0,516,0.3248928329999927,"[0, 0, 0, 0, 0, 1, 1, 1, 1, 0, 0, 0, 1, 1, 0, 0, 1, 1, 0, 0]",75,512,1
210,1,8.0,518,0.35241954099998907,"[0, 0, 1, 0, 0, 1, 1, 1, 1, 0, 0, 0, 1, 1, 0, 0, 1, 1, 0, 0]",75,512,1
211,2,8.0,519,0.37988608299998816,"[0, 0, 1, 0, 0, 1, 1, 1, 1, 0, 0, 0, 1, 1, 0, 0, 1, 1, 0, 0]",75,512,1
212,4,8.0,521,0.4079011249999951,"[0, 0, 1, 0, 0, 1, 1, 1, 1, 0, 0, 0, 1, 1, 0, 0, 1, 1, 0, 0]",75,512,1
213,8,11.0,527,0.43602054099999066,"[0, 0, 1, 0, 0, 1, 1, 0, 1, 0, 0, 0, 1, 1, 0, 0, 1, 1, 0, 1]",75,512,1
214,16,12.0,536,0.4643591250000014,"[1, 0, 1, 0, 0, 1, 1, 0, 1, 0, 0, 0, 1, 1, 0, 0, 1, 1, 0, 1]",75,512,1
215,32,14.0,553,0.49334808300000077,"[1, 0, 1, 0, 0, 1, 1, 0, 1, 0, 1, 0, 1, 1, 0, 0, 1, 1, 0, 1]",75,512,1
216,64,14.0,585,0.5238152909999911,"[1, 0, 1, 0, 0, 1, 1, 0, 1, 0, 1, 0, 1, 1, 0, 0, 1, 1, 0, 1]",75,512,1
217,128,14.0,649,0.5595370409999987,"[1, 0, 1, 0, 0, 1, 1, 0, 1, 0, 1, 0, 1, 1, 0, 0, 1, 1, 0, 1]",75,512,1
218,256,14.0,777,0.6038563749999923,"[1, 0, 1, 0, 0, 1, 1, 0, 1, 0, 1, 0, 1, 1, 0, 0, 1, 1, 0, 1]",75,512,1
219,512,14.0,1033,0.66936862499999,"[1, 0, 1, 0, 0, 1, 1, 0, 1, 0, 1, 0, 1, 1, 0, 0, 1, 1, 0, 1]",75,512,1
220,0,8.0,1033,0.6992612499999922,"[0, 1, 1, 1, 0, 1, 1, 1, 0, 0, 0, 1, 1, 1, 0, 0, 1, 0, 0, 0]",75,512,2
221,1,10.0,1035,0.7291688329999886,"[0, 1, 0, 1, 0, 1, 1, 1, 0, 0, 0, 1, 1, 1, 0, 0, 1, 0, 0, 0]",75,512,2
222,2,10.0,1036,0.7590208329999939,"[0, 1, 0, 1, 0, 1, 1, 1, 0, 0, 0, 1, 1, 1, 0, 0, 1, 0, 0, 0]",75,512,2
223,4,10.0,1038,0.7882292500000005,"[0, 1, 0, 1, 0, 1, 1, 1, 0, 0, 0, 1, 1, 1, 0, 0, 1, 0, 0, 0]",75,512,2
224,8,12.0,1043,0.8175012499999923,"[0, 1, 0, 1, 0, 1, 1, 1, 0, 0, 0, 1, 1, 1, 0, 0, 1, 0, 1, 0]",75,512,2
225,16,12.0,1051,0.8475213329999889,"[0, 1, 0, 1, 0, 1, 1, 1, 0, 0, 0, 1, 1, 1, 0, 0, 1, 0, 1, 0]",75,512,2
226,32,16.0,1069,0.8786979579999894,"[0, 1, 0, 1, 0, 1, 0, 1, 0, 1, 0, 1, 1, 1, 0, 0, 1, 0, 1, 0]",75,512,2
227,64,18.0,1102,0.9131981249999939,"[0, 1, 0, 1, 0, 1, 0, 1, 0, 1, 0, 1, 0, 1, 0, 0, 1, 0, 1, 0]",75,512,2
228,128,18.0,1166,0.9540800829999938,"[0, 1, 0, 1, 0, 1, 0, 1, 0, 1, 0, 1, 0, 1, 0, 0, 1, 0, 1, 0]",75,512,2
229,256,18.0,1294,1.0081050829999896,"[0, 1, 0, 1, 0, 1, 0, 1, 0, 1, 0, 1, 0, 1, 0, 0, 1, 0, 1, 0]",75,512,2
230,512,18.0,1550,1.0933441250000016,"[0, 1, 0, 1, 0, 1, 0, 1, 0, 1, 0, 1, 0, 1, 0, 0, 1, 0, 1, 0]",75,512,2
231,0,11.0,1550,1.124440290999999,"[1, 1, 1, 1, 0, 1, 1, 0, 1, 0, 1, 0, 0, 0, 0, 1, 0, 1, 0, 0]",75,512,3
232,1,11.0,1551,1.1551198330000005,"[1, 1, 1, 1, 0, 1, 1, 0, 1, 0, 1, 0, 0, 0, 0, 1, 0, 1, 0, 0]",75,512,3
233,2,11.0,1552,1.1866111249999989,"[1, 1, 1, 1, 0, 1, 1, 0, 1, 0, 1, 0, 0, 0, 0, 1, 0, 1, 0, 0]",75,512,3
234,4,11.0,1554,1.217938457999992,"[1, 1, 1, 1, 0, 1, 1, 0, 1, 0, 1, 0, 0, 0, 0, 1, 0, 1, 0, 0]",75,512,3
235,8,12.0,1559,1.2494205409999921,"[1, 1, 1, 1, 0, 1, 1, 0, 1, 0, 1, 0, 0, 0, 0, 1, 0, 1, 0, 1]",75,512,3
236,16,14.0,1568,1.2818027909999898,"[1, 1, 0, 1, 0, 1, 1, 0, 1, 0, 1, 0, 0, 0, 0, 1, 0, 1, 0, 1]",75,512,3
237,32,16.0,1585,1.3161028749999986,"[1, 1, 0, 1, 0, 1, 1, 0, 1, 0, 1, 0, 0, 1, 0, 1, 0, 1, 0, 1]",75,512,3
238,64,17.0,1618,1.3549028749999934,"[0, 1, 0, 1, 0, 1, 1, 0, 1, 0, 1, 0, 0, 1, 0, 1, 0, 1, 0, 1]",75,512,3
239,128,17.0,1682,1.4014754999999894,"[0, 1, 0, 1, 0, 1, 1, 0, 1, 0, 1, 0, 0, 1, 0, 1, 0, 1, 0, 1]",75,512,3
240,256,17.0,1810,1.4681999579999996,"[0, 1, 0, 1, 0, 1, 1, 0, 1, 0, 1, 0, 0, 1, 0, 1, 0, 1, 0, 1]",75,512,3
241,512,17.0,2066,1.5772598749999958,"[0, 1, 0, 1, 0, 1, 1, 0, 1, 0, 1, 0, 0, 1, 0, 1, 0, 1, 0, 1]",75,512,3
242,0,9.0,2066,1.609750040999998,"[1, 0, 0, 0, 1, 1, 0, 1, 1, 0, 0, 1, 0, 1, 1, 1, 1, 1, 1, 0]",75,512,4
243,1,9.0,2067,1.642339249999992,"[1, 0, 0, 0, 1, 1, 0, 1, 1, 0, 0, 1, 0, 1, 1, 1, 1, 1, 1, 0]",75,512,4
244,2,9.0,2068,1.6754737499999948,"[1, 0, 0, 0, 1, 1, 0, 1, 1, 0, 0, 1, 0, 1, 1, 1, 1, 1, 1, 0]",75,512,4
245,4,11.0,2071,1.7086017909999924,"[1, 0, 0, 0, 1, 1, 0, 1, 1, 0, 0, 1, 0, 1, 1, 1, 1, 0, 1, 0]",75,512,4
246,8,11.0,2075,1.742074040999995,"[1, 0, 0, 0, 1, 1, 0, 1, 1, 0, 0, 1, 0, 1, 1, 1, 1, 0, 1, 0]",75,512,4
247,16,13.0,2084,1.7770690830000007,"[1, 0, 0, 0, 1, 1, 0, 1, 1, 0, 0, 1, 0, 1, 0, 1, 1, 0, 1, 0]",75,512,4
248,32,15.0,2101,1.815035291000001,"[1, 0, 1, 0, 1, 1, 0, 1, 1, 0, 0, 1, 0, 1, 0, 1, 1, 0, 1, 0]",75,512,4
249,64,15.0,2133,1.8583215409999951,"[1, 0, 1, 0, 1, 1, 0, 1, 1, 0, 0, 1, 0, 1, 0, 1, 1, 0, 1, 0]",75,512,4
250,128,15.0,2197,1.9123652499999935,"[1, 0, 1, 0, 1, 1, 0, 1, 1, 0, 0, 1, 0, 1, 0, 1, 1, 0, 1, 0]",75,512,4
251,256,15.0,2325,1.9894349579999897,"[1, 0, 1, 0, 1, 1, 0, 1, 1, 0, 0, 1, 0, 1, 0, 1, 1, 0, 1, 0]",75,512,4
252,512,15.0,2581,2.1206437499999993,"[1, 0, 1, 0, 1, 1, 0, 1, 1, 0, 0, 1, 0, 1, 0, 1, 1, 0, 1, 0]",75,512,4
253,0,7.0,2581,2.175122165999994,"[0, 0, 0, 1, 0, 1, 1, 1, 1, 1, 0, 0, 0, 1, 0, 0, 1, 1, 1, 1]",75,512,5
254,1,9.0,2583,2.212639082999999,"[0, 0, 0, 1, 0, 1, 1, 1, 1, 1, 0, 0, 0, 1, 0, 0, 1, 1, 0, 1]",75,512,5
255,2,11.0,2585,2.2471584159999907,"[0, 0, 0, 1, 0, 1, 1, 1, 1, 1, 0, 1, 0, 1, 0, 0, 1, 1, 0, 1]",75,512,5
256,4,13.0,2588,2.2824638329999942,"[0, 1, 0, 1, 0, 1, 1, 1, 1, 1, 0, 1, 0, 1, 0, 0, 1, 1, 0, 1]",75,512,5
257,8,15.0,2593,2.317758665999989,"[0, 1, 0, 1, 0, 1, 1, 1, 0, 1, 0, 1, 0, 1, 0, 0, 1, 1, 0, 1]",75,512,5
258,16,15.0,2601,2.354479374999997,"[0, 1, 0, 1, 0, 1, 1, 1, 0, 1, 0, 1, 0, 1, 0, 0, 1, 1, 0, 1]",75,512,5
259,32,15.0,2617,2.3939459999999997,"[0, 1, 0, 1, 0, 1, 1, 1, 0, 1, 0, 1, 0, 1, 0, 0, 1, 1, 0, 1]",75,512,5
260,64,17.0,2650,2.441601665999997,"[0, 1, 0, 1, 0, 1, 0, 1, 0, 1, 0, 1, 0, 1, 0, 0, 1, 1, 0, 1]",75,512,5
261,128,17.0,2714,2.5011140829999903,"[0, 1, 0, 1, 0, 1, 0, 1, 0, 1, 0, 1, 0, 1, 0, 0, 1, 1, 0, 1]",75,512,5
262,256,17.0,2842,2.5879464579999905,"[0, 1, 0, 1, 0, 1, 0, 1, 0, 1, 0, 1, 0, 1, 0, 0, 1, 1, 0, 1]",75,512,5
263,512,17.0,3098,2.7357060410000003,"[0, 1, 0, 1, 0, 1, 0, 1, 0, 1, 0, 1, 0, 1, 0, 0, 1, 1, 0, 1]",75,512,5
264,0,10.0,3098,2.771825624999991,"[1, 0, 1, 0, 0, 1, 0, 1, 1, 0, 0, 1, 1, 0, 0, 0, 0, 1, 1, 1]",75,512,6
265,1,10.0,3099,2.8090987499999898,"[1, 0, 1, 0, 0, 1, 0, 1, 1, 0, 0, 1, 1, 0, 0, 0, 0, 1, 1, 1]",75,512,6
266,2,10.0,3100,2.8467184999999944,"[1, 0, 1, 0, 0, 1, 0, 1, 1, 0, 0, 1, 1, 0, 0, 0, 0, 1, 1, 1]",75,512,6
267,4,10.0,3102,2.8849092909999996,"[1, 0, 1, 0, 0, 1, 0, 1, 1, 0, 0, 1, 1, 0, 0, 0, 0, 1, 1, 1]",75,512,6
268,8,12.0,3107,2.921581332999992,"[1, 0, 1, 0, 0, 1, 0, 1, 1, 0, 0, 1, 1, 0, 0, 1, 0, 1, 1, 1]",75,512,6
269,16,12.0,3115,2.960260582999993,"[1, 0, 1, 0, 0, 1, 0, 1, 1, 0, 0, 1, 1, 0, 0, 1, 0, 1, 1, 1]",75,512,6
270,32,14.0,3132,3.002509124999989,"[1, 0, 1, 0, 0, 1, 0, 1, 1, 0, 0, 1, 1, 0, 0, 1, 0, 1, 0, 1]",75,512,6
271,64,14.0,3164,3.052645124999998,"[1, 0, 1, 0, 0, 1, 0, 1, 1, 0, 0, 1, 1, 0, 0, 1, 0, 1, 0, 1]",75,512,6
272,128,14.0,3228,3.1183311249999974,"[1, 0, 1, 0, 0, 1, 0, 1, 1, 0, 0, 1, 1, 0, 0, 1, 0, 1, 0, 1]",75,512,6
273,256,14.0,3356,3.2158469159999896,"[1, 0, 1, 0, 0, 1, 0, 1, 1, 0, 0, 1, 1, 0, 0, 1, 0, 1, 0, 1]",75,512,6
274,512,14.0,3612,3.382478790999997,"[1, 0, 1, 0, 0, 1, 0, 1, 1, 0, 0, 1, 1, 0, 0, 1, 0, 1, 0, 1]",75,512,6
275,0,10.0,3612,3.4203410410000004,"[0, 1, 1, 1, 0, 1, 1, 0, 0, 1, 1, 0, 0, 0, 1, 0, 0, 0, 1, 0]",75,512,7
276,1,10.0,3613,3.457648457999994,"[0, 1, 1, 1, 0, 1, 1, 0, 0, 1, 1, 0, 0, 0, 1, 0, 0, 0, 1, 0]",75,512,7
277,2,10.0,3614,3.495686040999999,"[0, 1, 1, 1, 0, 1, 1, 0, 0, 1, 1, 0, 0, 0, 1, 0, 0, 0, 1, 0]",75,512,7
278,4,10.0,3616,3.5341834999999975,"[0, 1, 1, 1, 0, 1, 1, 0, 0, 1, 1, 0, 0, 0, 1, 0, 0, 0, 1, 0]",75,512,7
279,8,14.0,3622,3.5739482909999936,"[0, 1, 0, 1, 0, 1, 1, 0, 0, 1, 1, 0, 1, 0, 1, 0, 0, 0, 1, 0]",75,512,7
280,16,14.0,3630,3.614666165999992,"[0, 1, 0, 1, 0, 1, 1, 0, 0, 1, 1, 0, 1, 0, 1, 0, 0, 0, 1, 0]",75,512,7
281,32,14.0,3646,3.659535415999997,"[0, 1, 0, 1, 0, 1, 1, 0, 0, 1, 1, 0, 1, 0, 1, 0, 0, 0, 1, 0]",75,512,7
282,64,16.0,3679,3.713163249999994,"[0, 1, 0, 1, 0, 1, 1, 0, 0, 1, 1, 0, 1, 0, 1, 0, 1, 0, 1, 0]",75,512,7
283,128,16.0,3743,3.78416116599999,"[0, 1, 0, 1, 0, 1, 1, 0, 0, 1, 1, 0, 1, 0, 1, 0, 1, 0, 1, 0]",75,512,7
284,256,16.0,3871,3.892331165999991,"[0, 1, 0, 1, 0, 1, 1, 0, 0, 1, 1, 0, 1, 0, 1, 0, 1, 0, 1, 0]",75,512,7
285,512,16.0,4127,4.079598249999989,"[0, 1, 0, 1, 0, 1, 1, 0, 0, 1, 1, 0, 1, 0, 1, 0, 1, 0, 1, 0]",75,512,7
286,0,11.0,4127,4.119169040999992,"[0, 0, 1, 0, 0, 0, 0, 1, 0, 1, 0, 1, 1, 0, 0, 1, 1, 0, 1, 1]",75,512,8
287,1,11.0,4128,4.158408957999995,"[0, 0, 1, 0, 0, 0, 0, 1, 0, 1, 0, 1, 1, 0, 0, 1, 1, 0, 1, 1]",75,512,8
288,2,11.0,4129,4.197946999999999,"[0, 0, 1, 0, 0, 0, 0, 1, 0, 1, 0, 1, 1, 0, 0, 1, 1, 0, 1, 1]",75,512,8
289,4,11.0,4131,4.2383045830000015,"[0, 0, 1, 0, 0, 0, 0, 1, 0, 1, 0, 1, 1, 0, 0, 1, 1, 0, 1, 1]",75,512,8
290,8,11.0,4135,4.280275415999995,"[0, 0, 1, 0, 0, 0, 0, 1, 0, 1, 0, 1, 1, 0, 0, 1, 1, 0, 1, 1]",75,512,8
291,16,13.0,4144,4.323786833,"[0, 0, 1, 0, 1, 0, 0, 1, 0, 1, 0, 1, 1, 0, 0, 1, 1, 0, 1, 1]",75,512,8
292,32,14.0,4161,4.372968999999998,"[0, 0, 1, 0, 1, 0, 0, 1, 0, 1, 0, 1, 1, 0, 0, 1, 1, 0, 1, 0]",75,512,8
293,64,15.0,4194,4.431492999999989,"[1, 0, 1, 0, 1, 0, 0, 1, 0, 1, 0, 1, 1, 0, 0, 1, 1, 0, 1, 0]",75,512,8
294,128,15.0,4258,4.510620374999988,"[1, 0, 1, 0, 1, 0, 0, 1, 0, 1, 0, 1, 1, 0, 0, 1, 1, 0, 1, 0]",75,512,8
295,256,15.0,4386,4.631276374999999,"[1, 0, 1, 0, 1, 0, 0, 1, 0, 1, 0, 1, 1, 0, 0, 1, 1, 0, 1, 0]",75,512,8
296,512,15.0,4642,4.844407790999995,"[1, 0, 1, 0, 1, 0, 0, 1, 0, 1, 0, 1, 1, 0, 0, 1, 1, 0, 1, 0]",75,512,8
297,0,6.0,4642,4.885966916000001,"[0, 1, 0, 0, 0, 0, 1, 1, 0, 1, 1, 1, 1, 1, 1, 0, 0, 0, 0, 0]",75,512,9
298,1,8.0,4644,4.92668304099999,"[0, 1, 0, 0, 0, 0, 1, 1, 0, 1, 1, 1, 1, 1, 1, 0, 0, 1, 0, 0]",75,512,9
299,2,8.0,4645,4.966998957999991,"[0, 1, 0, 0, 0, 0, 1, 1, 0, 1, 1, 1, 1, 1, 1, 0, 0, 1, 0, 0]",75,512,9
300,4,10.0,4648,5.007940415999997,"[0, 1, 0, 1, 0, 0, 1, 1, 0, 1, 1, 1, 1, 1, 1, 0, 0, 1, 0, 0]",75,512,9
301,8,12.0,4653,5.050891665999998,"[0, 1, 0, 1, 0, 0, 1, 1, 0, 1, 1, 1, 0, 1, 1, 0, 0, 1, 0, 0]",75,512,9
302,16,12.0,4661,5.096243957999988,"[0, 1, 0, 1, 0, 0, 1, 1, 0, 1, 1, 1, 0, 1, 1, 0, 0, 1, 0, 0]",75,512,9
303,32,14.0,4678,5.14727208299999,"[0, 1, 0, 1, 0, 0, 1, 1, 0, 1, 0, 1, 0, 1, 1, 0, 0, 1, 0, 0]",75,512,9
304,64,15.0,4711,5.20962570799999,"[0, 1, 0, 1, 0, 0, 1, 1, 0, 1, 0, 1, 0, 1, 1, 0, 0, 1, 0, 1]",75,512,9
305,128,15.0,4775,5.295496833000001,"[0, 1, 0, 1, 0, 0, 1, 1, 0, 1, 0, 1, 0, 1, 1, 0, 0, 1, 0, 1]",75,512,9
306,256,15.0,4903,5.4301630829999965,"[0, 1, 0, 1, 0, 0, 1, 1, 0, 1, 0, 1, 0, 1, 1, 0, 0, 1, 0, 1]",75,512,9
307,512,15.0,5159,5.659142750000001,"[0, 1, 0, 1, 0, 0, 1, 1, 0, 1, 0, 1, 0, 1, 1, 0, 0, 1, 0, 1]",75,512,9
308,0,12.0,5159,5.700941790999991,"[0, 0, 1, 1, 0, 0, 1, 0, 1, 1, 0, 1, 0, 0, 1, 0, 1, 1, 1, 0]",75,512,10
309,1,12.0,5160,5.743448415999993,"[0, 0, 1, 1, 0, 0, 1, 0, 1, 1, 0, 1, 0, 0, 1, 0, 1, 1, 1, 0]",75,512,10
310,2,12.0,5161,5.78600595799999,"[0, 0, 1, 1, 0, 0, 1, 0, 1, 1, 0, 1, 0, 0, 1, 0, 1, 1, 1, 0]",75,512,10
311,4,13.0,5164,5.82873258299999,"[1, 0, 1, 1, 0, 0, 1, 0, 1, 1, 0, 1, 0, 0, 1, 0, 1, 1, 1, 0]",75,512,10
312,8,15.0,5169,5.8732365829999935,"[1, 0, 1, 1, 0, 0, 1, 0, 1, 1, 0, 1, 0, 0, 1, 0, 1, 0, 1, 0]",75,512,10
313,16,15.0,5177,5.920407999999995,"[1, 0, 1, 1, 0, 0, 1, 0, 1, 1, 0, 1, 0, 0, 1, 0, 1, 0, 1, 0]",75,512,10
314,32,15.0,5193,5.9732147909999895,"[1, 0, 1, 1, 0, 0, 1, 0, 1, 1, 0, 1, 0, 0, 1, 0, 1, 0, 1, 0]",75,512,10
315,64,15.0,5225,6.040698790999997,"[1, 0, 1, 1, 0, 0, 1, 0, 1, 1, 0, 1, 0, 0, 1, 0, 1, 0, 1, 0]",75,512,10
316,128,15.0,5289,6.132448832999998,"[1, 0, 1, 1, 0, 0, 1, 0, 1, 1, 0, 1, 0, 0, 1, 0, 1, 0, 1, 0]",75,512,10
317,256,15.0,5417,6.273934707999999,"[1, 0, 1, 1, 0, 0, 1, 0, 1, 1, 0, 1, 0, 0, 1, 0, 1, 0, 1, 0]",75,512,10
318,512,15.0,5673,6.524096207999989,"[1, 0, 1, 1, 0, 0, 1, 0, 1, 1, 0, 1, 0, 0, 1, 0, 1, 0, 1, 0]",75,512,10
319,0,9.0,5673,6.5676995829999925,"[0, 1, 1, 0, 1, 0, 0, 0, 1, 0, 0, 1, 1, 1, 1, 0, 0, 0, 1, 1]",75,512,11
320,1,9.0,5674,6.613443957999991,"[0, 1, 1, 0, 1, 0, 0, 0, 1, 0, 0, 1, 1, 1, 1, 0, 0, 0, 1, 1]",75,512,11
321,2,9.0,5675,6.658252207999993,"[0, 1, 1, 0, 1, 0, 0, 0, 1, 0, 0, 1, 1, 1, 1, 0, 0, 0, 1, 1]",75,512,11
322,4,11.0,5678,6.7164516659999975,"[0, 1, 1, 0, 1, 0, 1, 0, 1, 0, 0, 1, 1, 1, 1, 0, 0, 0, 1, 1]",75,512,11
323,8,13.0,5683,6.762357874999992,"[0, 1, 1, 0, 1, 0, 1, 0, 1, 0, 0, 1, 1, 1, 1, 0, 1, 0, 1, 1]",75,512,11
324,16,14.0,5692,6.812269832999988,"[0, 1, 1, 0, 1, 0, 1, 0, 1, 0, 0, 1, 1, 1, 1, 0, 1, 0, 1, 0]",75,512,11
325,32,16.0,5709,6.8683351250000015,"[0, 1, 1, 0, 1, 0, 1, 0, 1, 0, 0, 1, 1, 0, 1, 0, 1, 0, 1, 0]",75,512,11
326,64,16.0,5741,6.9375872079999965,"[0, 1, 1, 0, 1, 0, 1, 0, 1, 0, 0, 1, 1, 0, 1, 0, 1, 0, 1, 0]",75,512,11
327,128,16.0,5805,7.035343333,"[0, 1, 1, 0, 1, 0, 1, 0, 1, 0, 0, 1, 1, 0, 1, 0, 1, 0, 1, 0]",75,512,11
328,256,16.0,5933,7.189102790999996,"[0, 1, 1, 0, 1, 0, 1, 0, 1, 0, 0, 1, 1, 0, 1, 0, 1, 0, 1, 0]",75,512,11
329,512,16.0,6189,7.458665415999988,"[0, 1, 1, 0, 1, 0, 1, 0, 1, 0, 0, 1, 1, 0, 1, 0, 1, 0, 1, 0]",75,512,11
330,0,11.0,6189,7.5033855829999965,"[0, 1, 0, 1, 1, 1, 0, 0, 0, 0, 1, 1, 0, 1, 1, 0, 1, 1, 0, 1]",75,512,12
331,1,11.0,6190,7.5484955829999905,"[0, 1, 0, 1, 1, 1, 0, 0, 0, 0, 1, 1, 0, 1, 1, 0, 1, 1, 0, 1]",75,512,12
332,2,11.0,6191,7.59359341599999,"[0, 1, 0, 1, 1, 1, 0, 0, 0, 0, 1, 1, 0, 1, 1, 0, 1, 1, 0, 1]",75,512,12
333,4,13.0,6194,7.640820915999996,"[0, 1, 0, 1, 0, 1, 0, 0, 0, 0, 1, 1, 0, 1, 1, 0, 1, 1, 0, 1]",75,512,12
334,8,13.0,6198,7.689375790999989,"[0, 1, 0, 1, 0, 1, 0, 0, 0, 0, 1, 1, 0, 1, 1, 0, 1, 1, 0, 1]",75,512,12
335,16,15.0,6207,7.748527541000001,"[0, 1, 0, 1, 0, 1, 0, 1, 0, 0, 1, 1, 0, 1, 1, 0, 1, 1, 0, 1]",75,512,12
336,32,15.0,6223,7.806695915999995,"[0, 1, 0, 1, 0, 1, 0, 1, 0, 0, 1, 1, 0, 1, 1, 0, 1, 1, 0, 1]",75,512,12
337,64,15.0,6255,7.880371749999995,"[0, 1, 0, 1, 0, 1, 0, 1, 0, 0, 1, 1, 0, 1, 1, 0, 1, 1, 0, 1]",75,512,12
338,128,15.0,6319,7.984677582999993,"[0, 1, 0, 1, 0, 1, 0, 1, 0, 0, 1, 1, 0, 1, 1, 0, 1, 1, 0, 1]",75,512,12
339,256,15.0,6447,8.149840874999995,"[0, 1, 0, 1, 0, 1, 0, 1, 0, 0, 1, 1, 0, 1, 1, 0, 1, 1, 0, 1]",75,512,12
340,512,15.0,6703,8.444278249999996,"[0, 1, 0, 1, 0, 1, 0, 1, 0, 0, 1, 1, 0, 1, 1, 0, 1, 1, 0, 1]",75,512,12
341,0,9.0,6703,8.489715249999989,"[1, 0, 0, 1, 1, 1, 0, 1, 1, 1, 1, 0, 0, 1, 0, 0, 0, 1, 0, 0]",75,512,13
342,1,9.0,6704,8.536093666,"[1, 0, 0, 1, 1, 1, 0, 1, 1, 1, 1, 0, 0, 1, 0, 0, 0, 1, 0, 0]",75,512,13
343,2,10.0,6706,8.583169915999989,"[1, 0, 0, 1, 1, 1, 0, 1, 1, 1, 1, 0, 0, 1, 0, 0, 0, 1, 0, 1]",75,512,13
344,4,10.0,6708,8.630290040999995,"[1, 0, 0, 1, 1, 1, 0, 1, 1, 1, 1, 0, 0, 1, 0, 0, 0, 1, 0, 1]",75,512,13
345,8,14.0,6714,8.68018275,"[1, 0, 0, 1, 0, 1, 0, 1, 1, 0, 1, 0, 0, 1, 0, 0, 0, 1, 0, 1]",75,512,13
346,16,16.0,6723,8.733918124999988,"[1, 0, 0, 1, 0, 1, 0, 1, 1, 0, 1, 0, 0, 1, 0, 1, 0, 1, 0, 1]",75,512,13
347,32,16.0,6739,8.795980999999998,"[1, 0, 0, 1, 0, 1, 0, 1, 1, 0, 1, 0, 0, 1, 0, 1, 0, 1, 0, 1]",75,512,13
348,64,16.0,6771,8.87452095799999,"[1, 0, 0, 1, 0, 1, 0, 1, 1, 0, 1, 0, 0, 1, 0, 1, 0, 1, 0, 1]",75,512,13
349,128,16.0,6835,8.983877166,"[1, 0, 0, 1, 0, 1, 0, 1, 1, 0, 1, 0, 0, 1, 0, 1, 0, 1, 0, 1]",75,512,13
350,256,16.0,6963,9.159037124999998,"[1, 0, 0, 1, 0, 1, 0, 1, 1, 0, 1, 0, 0, 1, 0, 1, 0, 1, 0, 1]",75,512,13
351,512,16.0,7219,9.470593374999993,"[1, 0, 0, 1, 0, 1, 0, 1, 1, 0, 1, 0, 0, 1, 0, 1, 0, 1, 0, 1]",75,512,13
352,0,9.0,7219,9.517924416,"[1, 0, 0, 1, 1, 1, 0, 1, 0, 0, 0, 1, 1, 1, 0, 1, 0, 0, 0, 0]",75,512,14
353,1,11.0,7221,9.567527499999997,"[1, 0, 0, 1, 1, 1, 0, 1, 0, 1, 0, 1, 1, 1, 0, 1, 0, 0, 0, 0]",75,512,14
354,2,11.0,7222,9.61559862499999,"[1, 0, 0, 1, 1, 1, 0, 1, 0, 1, 0, 1, 1, 1, 0, 1, 0, 0, 0, 0]",75,512,14
355,4,11.0,7224,9.664550082999995,"[1, 0, 0, 1, 1, 1, 0, 1, 0, 1, 0, 1, 1, 1, 0, 1, 0, 0, 0, 0]",75,512,14
356,8,14.0,7230,9.716913582999993,"[1, 0, 0, 1, 1, 1, 0, 1, 0, 1, 0, 1, 0, 1, 0, 1, 0, 0, 0, 1]",75,512,14
357,16,16.0,7239,9.772150083,"[1, 0, 0, 1, 0, 1, 0, 1, 0, 1, 0, 1, 0, 1, 0, 1, 0, 0, 0, 1]",75,512,14
358,32,16.0,7255,9.836323749999991,"[1, 0, 0, 1, 0, 1, 0, 1, 0, 1, 0, 1, 0, 1, 0, 1, 0, 0, 0, 1]",75,512,14
359,64,18.0,7288,9.91807533299999,"[1, 0, 0, 1, 0, 1, 0, 1, 0, 1, 0, 1, 0, 1, 0, 1, 0, 1, 0, 1]",75,512,14
360,128,18.0,7352,10.034648332999993,"[1, 0, 0, 1, 0, 1, 0, 1, 0, 1, 0, 1, 0, 1, 0, 1, 0, 1, 0, 1]",75,512,14
361,256,18.0,7480,10.223431999999988,"[1, 0, 0, 1, 0, 1, 0, 1, 0, 1, 0, 1, 0, 1, 0, 1, 0, 1, 0, 1]",75,512,14
362,512,18.0,7736,10.555358624999997,"[1, 0, 0, 1, 0, 1, 0, 1, 0, 1, 0, 1, 0, 1, 0, 1, 0, 1, 0, 1]",75,512,14
363,0,4.0,7736,10.604688332999999,"[1, 1, 1, 0, 0, 0, 1, 1, 1, 1, 0, 0, 0, 0, 0, 0, 0, 0, 1, 1]",75,512,15
364,1,4.0,7737,10.65436579099999,"[1, 1, 1, 0, 0, 0, 1, 1, 1, 1, 0, 0, 0, 0, 0, 0, 0, 0, 1, 1]",75,512,15
365,2,6.0,7739,10.703813415999988,"[1, 1, 1, 0, 1, 0, 1, 1, 1, 1, 0, 0, 0, 0, 0, 0, 0, 0, 1, 1]",75,512,15
366,4,8.0,7742,10.754940999999988,"[1, 1, 1, 0, 1, 0, 1, 1, 1, 1, 0, 0, 1, 0, 0, 0, 0, 0, 1, 1]",75,512,15
367,8,10.0,7747,10.807908832999999,"[1, 1, 1, 0, 1, 0, 1, 1, 1, 1, 0, 0, 1, 0, 1, 0, 0, 0, 1, 1]",75,512,15
368,16,12.0,7756,10.865929291,"[1, 1, 1, 0, 1, 0, 1, 0, 1, 1, 0, 0, 1, 0, 1, 0, 0, 0, 1, 1]",75,512,15
369,32,16.0,7775,10.933473832999994,"[0, 1, 1, 0, 1, 0, 1, 0, 1, 1, 0, 0, 1, 0, 1, 0, 1, 0, 1, 0]",75,512,15
370,64,16.0,7807,11.02098875,"[0, 1, 1, 0, 1, 0, 1, 0, 1, 1, 0, 0, 1, 0, 1, 0, 1, 0, 1, 0]",75,512,15
371,128,16.0,7871,11.144599332999988,"[0, 1, 1, 0, 1, 0, 1, 0, 1, 1, 0, 0, 1, 0, 1, 0, 1, 0, 1, 0]",75,512,15
372,256,16.0,7999,11.346675082999994,"[0, 1, 1, 0, 1, 0, 1, 0, 1, 1, 0, 0, 1, 0, 1, 0, 1, 0, 1, 0]",75,512,15
373,512,16.0,8255,11.697399207999993,"[0, 1, 1, 0, 1, 0, 1, 0, 1, 1, 0, 0, 1, 0, 1, 0, 1, 0, 1, 0]",75,512,15
374,0,9.0,8255,11.748186165999996,"[0, 0, 0, 0, 1, 1, 0, 1, 1, 0, 0, 1, 1, 1, 1, 0, 1, 0, 0, 1]",75,512,16
375,1,9.0,8256,11.802327332999994,"[0, 0, 0, 0, 1, 1, 0, 1, 1, 0, 0, 1, 1, 1, 1, 0, 1, 0, 0, 1]",75,512,16
376,2,10.0,8258,11.856652249999996,"[1, 0, 0, 0, 1, 1, 0, 1, 1, 0, 0, 1, 1, 1, 1, 0, 1, 0, 0, 1]",75,512,16
377,4,12.0,8261,11.910332290999989,"[1, 0, 0, 0, 1, 1, 0, 1, 1, 0, 0, 1, 0, 1, 1, 0, 1, 0, 0, 1]",75,512,16
378,8,12.0,8265,11.965761582999988,"[1, 0, 0, 0, 1, 1, 0, 1, 1, 0, 0, 1, 0, 1, 1, 0, 1, 0, 0, 1]",75,512,16
379,16,12.0,8273,12.026664208,"[1, 0, 0, 0, 1, 1, 0, 1, 1, 0, 0, 1, 0, 1, 1, 0, 1, 0, 0, 1]",75,512,16
380,32,14.0,8290,12.095818041000001,"[1, 0, 1, 0, 1, 1, 0, 1, 1, 0, 0, 1, 0, 1, 1, 0, 1, 0, 0, 1]",75,512,16
381,64,14.0,8322,12.184822665999988,"[1, 0, 1, 0, 1, 1, 0, 1, 1, 0, 0, 1, 0, 1, 1, 0, 1, 0, 0, 1]",75,512,16
382,128,14.0,8386,12.312769665999994,"[1, 0, 1, 0, 1, 1, 0, 1, 1, 0, 0, 1, 0, 1, 1, 0, 1, 0, 0, 1]",75,512,16
383,256,14.0,8514,12.520981249999991,"[1, 0, 1, 0, 1, 1, 0, 1, 1, 0, 0, 1, 0, 1, 1, 0, 1, 0, 0, 1]",75,512,16
384,512,14.0,8770,12.894794290999997,"[1, 0, 1, 0, 1, 1, 0, 1, 1, 0, 0, 1, 0, 1, 1, 0, 1, 0, 0, 1]",75,512,16
385,0,10.0,8770,12.947208915999994,"[0, 0, 0, 1, 1, 1, 0, 1, 0, 1, 0, 1, 1, 1, 0, 0, 0, 1, 0, 0]",75,512,17
386,1,10.0,8771,13.000806999999995,"[0, 0, 0, 1, 1, 1, 0, 1, 0, 1, 0, 1, 1, 1, 0, 0, 0, 1, 0, 0]",75,512,17
387,2,10.0,8772,13.053688499999993,"[0, 0, 0, 1, 1, 1, 0, 1, 0, 1, 0, 1, 1, 1, 0, 0, 0, 1, 0, 0]",75,512,17
388,4,11.0,8775,13.108372457999991,"[0, 0, 0, 1, 1, 1, 0, 1, 0, 1, 0, 1, 1, 1, 0, 0, 0, 1, 0, 1]",75,512,17
389,8,17.0,8782,13.165220874999989,"[0, 1, 0, 1, 1, 1, 0, 1, 0, 1, 0, 1, 0, 1, 0, 1, 0, 1, 0, 1]",75,512,17
390,16,19.0,8789,13.224808499999995,"[0, 1, 0, 1, 0, 1, 0, 1, 0, 1, 0, 1, 0, 1, 0, 1, 0, 1, 0, 1]",75,512,17
391,32,19.0,8789,13.224808499999995,"[0, 1, 0, 1, 0, 1, 0, 1, 0, 1, 0, 1, 0, 1, 0, 1, 0, 1, 0, 1]",75,512,17
392,64,19.0,8789,13.224808499999995,"[0, 1, 0, 1, 0, 1, 0, 1, 0, 1, 0, 1, 0, 1, 0, 1, 0, 1, 0, 1]",75,512,17
393,128,19.0,8789,13.224808499999995,"[0, 1, 0, 1, 0, 1, 0, 1, 0, 1, 0, 1, 0, 1, 0, 1, 0, 1, 0, 1]",75,512,17
394,256,19.0,8789,13.224808499999995,"[0, 1, 0, 1, 0, 1, 0, 1, 0, 1, 0, 1, 0, 1, 0, 1, 0, 1, 0, 1]",75,512,17
395,512,19.0,8789,13.224808499999995,"[0, 1, 0, 1, 0, 1, 0, 1, 0, 1, 0, 1, 0, 1, 0, 1, 0, 1, 0, 1]",75,512,17
396,0,10.0,0,5.4708999996933017e-05,"[0, 1, 0, 0, 0, 1, 0, 0, 0, 1, 0, 0, 0, 0, 1, 0, 1, 1, 1, 0]",100,512,0
397,1,10.0,1,0.05219283399999597,"[0, 1, 0, 0, 0, 1, 0, 0, 0, 1, 0, 0, 0, 0, 1, 0, 1, 1, 1, 0]",100,512,0
398,2,12.0,3,0.10418254199998955,"[0, 1, 0, 0, 0, 1, 0, 0, 0, 1, 0, 1, 0, 0, 1, 0, 1, 1, 1, 0]",100,512,0
399,4,12.0,5,0.1558639169999907,"[0, 1, 0, 0, 0, 1, 0, 0, 0, 1, 0, 1, 0, 0, 1, 0, 1, 1, 1, 0]",100,512,0
400,8,12.0,9,0.209114624999998,"[0, 1, 0, 0, 0, 1, 0, 0, 0, 1, 0, 1, 0, 0, 1, 0, 1, 1, 1, 0]",100,512,0
401,16,12.0,17,0.26108662499999014,"[0, 1, 0, 0, 0, 1, 0, 0, 0, 1, 0, 1, 0, 0, 1, 0, 1, 1, 1, 0]",100,512,0
402,32,18.0,36,0.31397833399999797,"[0, 1, 0, 1, 0, 1, 0, 1, 0, 1, 0, 1, 0, 0, 1, 0, 1, 0, 1, 0]",100,512,0
403,64,18.0,68,0.36715829199999916,"[0, 1, 0, 1, 0, 1, 0, 1, 0, 1, 0, 1, 0, 0, 1, 0, 1, 0, 1, 0]",100,512,0
404,128,18.0,132,0.42229874999999595,"[0, 1, 0, 1, 0, 1, 0, 1, 0, 1, 0, 1, 0, 0, 1, 0, 1, 0, 1, 0]",100,512,0
405,256,18.0,260,0.47960733399999356,"[0, 1, 0, 1, 0, 1, 0, 1, 0, 1, 0, 1, 0, 0, 1, 0, 1, 0, 1, 0]",100,512,0
406,512,18.0,516,0.5500649170000003,"[0, 1, 0, 1, 0, 1, 0, 1, 0, 1, 0, 1, 0, 0, 1, 0, 1, 0, 1, 0]",100,512,0
407,0,6.0,516,0.6050416249999984,"[0, 0, 0, 0, 0, 1, 1, 1, 1, 0, 0, 0, 1, 1, 0, 0, 1, 1, 0, 0]",100,512,1
408,1,8.0,518,0.6595180839999983,"[0, 0, 1, 0, 0, 1, 1, 1, 1, 0, 0, 0, 1, 1, 0, 0, 1, 1, 0, 0]",100,512,1
409,2,8.0,519,0.7134487089999908,"[0, 0, 1, 0, 0, 1, 1, 1, 1, 0, 0, 0, 1, 1, 0, 0, 1, 1, 0, 0]",100,512,1
410,4,8.0,521,0.7677719589999867,"[0, 0, 1, 0, 0, 1, 1, 1, 1, 0, 0, 0, 1, 1, 0, 0, 1, 1, 0, 0]",100,512,1
411,8,11.0,527,0.8894236669999884,"[0, 0, 1, 0, 0, 1, 1, 0, 1, 0, 0, 0, 1, 1, 0, 0, 1, 1, 0, 1]",100,512,1
412,16,12.0,536,0.9456035419999864,"[1, 0, 1, 0, 0, 1, 1, 0, 1, 0, 0, 0, 1, 1, 0, 0, 1, 1, 0, 1]",100,512,1
413,32,14.0,553,0.9999565839999889,"[1, 0, 1, 0, 0, 1, 1, 0, 1, 0, 1, 0, 1, 1, 0, 0, 1, 1, 0, 1]",100,512,1
414,64,14.0,585,1.0566586669999936,"[1, 0, 1, 0, 0, 1, 1, 0, 1, 0, 1, 0, 1, 1, 0, 0, 1, 1, 0, 1]",100,512,1
415,128,14.0,649,1.1189754169999873,"[1, 0, 1, 0, 0, 1, 1, 0, 1, 0, 1, 0, 1, 1, 0, 0, 1, 1, 0, 1]",100,512,1
416,256,14.0,777,1.1901233749999989,"[1, 0, 1, 0, 0, 1, 1, 0, 1, 0, 1, 0, 1, 1, 0, 0, 1, 1, 0, 1]",100,512,1
417,512,14.0,1033,1.2836583749999875,"[1, 0, 1, 0, 0, 1, 1, 0, 1, 0, 1, 0, 1, 1, 0, 0, 1, 1, 0, 1]",100,512,1
418,0,8.0,1033,1.3418216249999944,"[0, 1, 1, 1, 0, 1, 1, 1, 0, 0, 0, 1, 1, 1, 0, 0, 1, 0, 0, 0]",100,512,2
419,1,10.0,1035,1.4004520419999977,"[0, 1, 0, 1, 0, 1, 1, 1, 0, 0, 0, 1, 1, 1, 0, 0, 1, 0, 0, 0]",100,512,2
420,2,10.0,1036,1.4587392089999867,"[0, 1, 0, 1, 0, 1, 1, 1, 0, 0, 0, 1, 1, 1, 0, 0, 1, 0, 0, 0]",100,512,2
421,4,10.0,1038,1.5144424589999943,"[0, 1, 0, 1, 0, 1, 1, 1, 0, 0, 0, 1, 1, 1, 0, 0, 1, 0, 0, 0]",100,512,2
422,8,12.0,1043,1.570858874999999,"[0, 1, 0, 1, 0, 1, 1, 1, 0, 0, 0, 1, 1, 1, 0, 0, 1, 0, 1, 0]",100,512,2
423,16,12.0,1051,1.6279226249999965,"[0, 1, 0, 1, 0, 1, 1, 1, 0, 0, 0, 1, 1, 1, 0, 0, 1, 0, 1, 0]",100,512,2
424,32,16.0,1069,1.6855850419999996,"[0, 1, 0, 1, 0, 1, 0, 1, 0, 1, 0, 1, 1, 1, 0, 0, 1, 0, 1, 0]",100,512,2
425,64,18.0,1102,1.7467516249999875,"[0, 1, 0, 1, 0, 1, 0, 1, 0, 1, 0, 1, 0, 1, 0, 0, 1, 0, 1, 0]",100,512,2
426,128,18.0,1166,1.81389145899999,"[0, 1, 0, 1, 0, 1, 0, 1, 0, 1, 0, 1, 0, 1, 0, 0, 1, 0, 1, 0]",100,512,2
427,256,18.0,1294,1.8935217499999908,"[0, 1, 0, 1, 0, 1, 0, 1, 0, 1, 0, 1, 0, 1, 0, 0, 1, 0, 1, 0]",100,512,2
428,512,18.0,1550,2.005267083999996,"[0, 1, 0, 1, 0, 1, 0, 1, 0, 1, 0, 1, 0, 1, 0, 0, 1, 0, 1, 0]",100,512,2
429,0,11.0,1550,2.0630146669999903,"[1, 1, 1, 1, 0, 1, 1, 0, 1, 0, 1, 0, 0, 0, 0, 1, 0, 1, 0, 0]",100,512,3
430,1,11.0,1551,2.1203127089999896,"[1, 1, 1, 1, 0, 1, 1, 0, 1, 0, 1, 0, 0, 0, 0, 1, 0, 1, 0, 0]",100,512,3
431,2,11.0,1552,2.1771523749999915,"[1, 1, 1, 1, 0, 1, 1, 0, 1, 0, 1, 0, 0, 0, 0, 1, 0, 1, 0, 0]",100,512,3
432,4,11.0,1554,2.2348719169999924,"[1, 1, 1, 1, 0, 1, 1, 0, 1, 0, 1, 0, 0, 0, 0, 1, 0, 1, 0, 0]",100,512,3
433,8,12.0,1559,2.2928560000000004,"[1, 1, 1, 1, 0, 1, 1, 0, 1, 0, 1, 0, 0, 0, 0, 1, 0, 1, 0, 1]",100,512,3
434,16,14.0,1568,2.352272291999995,"[1, 1, 0, 1, 0, 1, 1, 0, 1, 0, 1, 0, 0, 0, 0, 1, 0, 1, 0, 1]",100,512,3
435,32,16.0,1585,2.4139351249999947,"[1, 1, 0, 1, 0, 1, 1, 0, 1, 0, 1, 0, 0, 1, 0, 1, 0, 1, 0, 1]",100,512,3
436,64,17.0,1618,2.478031791999996,"[0, 1, 0, 1, 0, 1, 1, 0, 1, 0, 1, 0, 0, 1, 0, 1, 0, 1, 0, 1]",100,512,3
437,128,17.0,1682,2.5509519589999883,"[0, 1, 0, 1, 0, 1, 1, 0, 1, 0, 1, 0, 0, 1, 0, 1, 0, 1, 0, 1]",100,512,3
438,256,17.0,1810,2.6422469999999976,"[0, 1, 0, 1, 0, 1, 1, 0, 1, 0, 1, 0, 0, 1, 0, 1, 0, 1, 0, 1]",100,512,3
439,512,17.0,2066,2.7744986249999926,"[0, 1, 0, 1, 0, 1, 1, 0, 1, 0, 1, 0, 0, 1, 0, 1, 0, 1, 0, 1]",100,512,3
440,0,9.0,2066,2.833042708999997,"[1, 0, 0, 0, 1, 1, 0, 1, 1, 0, 0, 1, 0, 1, 1, 1, 1, 1, 1, 0]",100,512,4
441,1,9.0,2067,2.892204624999991,"[1, 0, 0, 0, 1, 1, 0, 1, 1, 0, 0, 1, 0, 1, 1, 1, 1, 1, 1, 0]",100,512,4
442,2,9.0,2068,2.9512122089999906,"[1, 0, 0, 0, 1, 1, 0, 1, 1, 0, 0, 1, 0, 1, 1, 1, 1, 1, 1, 0]",100,512,4
443,4,11.0,2071,3.0097618749999953,"[1, 0, 0, 0, 1, 1, 0, 1, 1, 0, 0, 1, 0, 1, 1, 1, 1, 0, 1, 0]",100,512,4
444,8,11.0,2075,3.0698682919999953,"[1, 0, 0, 0, 1, 1, 0, 1, 1, 0, 0, 1, 0, 1, 1, 1, 1, 0, 1, 0]",100,512,4
445,16,13.0,2084,3.130849416999993,"[1, 0, 0, 0, 1, 1, 0, 1, 1, 0, 0, 1, 0, 1, 0, 1, 1, 0, 1, 0]",100,512,4
446,32,15.0,2101,3.1933987919999964,"[1, 0, 1, 0, 1, 1, 0, 1, 1, 0, 0, 1, 0, 1, 0, 1, 1, 0, 1, 0]",100,512,4
447,64,15.0,2133,3.262327541999994,"[1, 0, 1, 0, 1, 1, 0, 1, 1, 0, 0, 1, 0, 1, 0, 1, 1, 0, 1, 0]",100,512,4
448,128,15.0,2197,3.3415336249999967,"[1, 0, 1, 0, 1, 1, 0, 1, 1, 0, 0, 1, 0, 1, 0, 1, 1, 0, 1, 0]",100,512,4
449,256,15.0,2325,3.4435424999999924,"[1, 0, 1, 0, 1, 1, 0, 1, 1, 0, 0, 1, 0, 1, 0, 1, 1, 0, 1, 0]",100,512,4
450,512,15.0,2581,3.5988254999999896,"[1, 0, 1, 0, 1, 1, 0, 1, 1, 0, 0, 1, 0, 1, 0, 1, 1, 0, 1, 0]",100,512,4
451,0,7.0,2581,3.6633679999999913,"[0, 0, 0, 1, 0, 1, 1, 1, 1, 1, 0, 0, 0, 1, 0, 0, 1, 1, 1, 1]",100,512,5
452,1,9.0,2583,3.724504874999994,"[0, 0, 0, 1, 0, 1, 1, 1, 1, 1, 0, 0, 0, 1, 0, 0, 1, 1, 0, 1]",100,512,5
453,2,11.0,2585,3.785961791999995,"[0, 0, 0, 1, 0, 1, 1, 1, 1, 1, 0, 1, 0, 1, 0, 0, 1, 1, 0, 1]",100,512,5
454,4,13.0,2588,3.8673895839999943,"[0, 1, 0, 1, 0, 1, 1, 1, 1, 1, 0, 1, 0, 1, 0, 0, 1, 1, 0, 1]",100,512,5
455,8,15.0,2593,3.9339177089999993,"[0, 1, 0, 1, 0, 1, 1, 1, 0, 1, 0, 1, 0, 1, 0, 0, 1, 1, 0, 1]",100,512,5
456,16,15.0,2601,4.023187791999987,"[0, 1, 0, 1, 0, 1, 1, 1, 0, 1, 0, 1, 0, 1, 0, 0, 1, 1, 0, 1]",100,512,5
457,32,15.0,2617,4.090302499999993,"[0, 1, 0, 1, 0, 1, 1, 1, 0, 1, 0, 1, 0, 1, 0, 0, 1, 1, 0, 1]",100,512,5
458,64,17.0,2650,4.1637054169999885,"[0, 1, 0, 1, 0, 1, 0, 1, 0, 1, 0, 1, 0, 1, 0, 0, 1, 1, 0, 1]",100,512,5
459,128,17.0,2714,4.251657958999999,"[0, 1, 0, 1, 0, 1, 0, 1, 0, 1, 0, 1, 0, 1, 0, 0, 1, 1, 0, 1]",100,512,5
460,256,17.0,2842,4.364776124999992,"[0, 1, 0, 1, 0, 1, 0, 1, 0, 1, 0, 1, 0, 1, 0, 0, 1, 1, 0, 1]",100,512,5
461,512,17.0,3098,4.538638374999991,"[0, 1, 0, 1, 0, 1, 0, 1, 0, 1, 0, 1, 0, 1, 0, 0, 1, 1, 0, 1]",100,512,5
462,0,10.0,3098,4.600472583999988,"[1, 0, 1, 0, 0, 1, 0, 1, 1, 0, 0, 1, 1, 0, 0, 0, 0, 1, 1, 1]",100,512,6
463,1,10.0,3099,4.665432541999991,"[1, 0, 1, 0, 0, 1, 0, 1, 1, 0, 0, 1, 1, 0, 0, 0, 0, 1, 1, 1]",100,512,6
464,2,10.0,3100,4.911535458999992,"[1, 0, 1, 0, 0, 1, 0, 1, 1, 0, 0, 1, 1, 0, 0, 0, 0, 1, 1, 1]",100,512,6
465,4,10.0,3102,5.112388041999992,"[1, 0, 1, 0, 0, 1, 0, 1, 1, 0, 0, 1, 1, 0, 0, 0, 0, 1, 1, 1]",100,512,6
466,8,12.0,3107,5.181992584,"[1, 0, 1, 0, 0, 1, 0, 1, 1, 0, 0, 1, 1, 0, 0, 1, 0, 1, 1, 1]",100,512,6
467,16,12.0,3115,5.24881062499999,"[1, 0, 1, 0, 0, 1, 0, 1, 1, 0, 0, 1, 1, 0, 0, 1, 0, 1, 1, 1]",100,512,6
468,32,14.0,3132,5.32283116699999,"[1, 0, 1, 0, 0, 1, 0, 1, 1, 0, 0, 1, 1, 0, 0, 1, 0, 1, 0, 1]",100,512,6
469,64,14.0,3164,5.400540499999991,"[1, 0, 1, 0, 0, 1, 0, 1, 1, 0, 0, 1, 1, 0, 0, 1, 0, 1, 0, 1]",100,512,6
470,128,14.0,3228,5.494741583999996,"[1, 0, 1, 0, 0, 1, 0, 1, 1, 0, 0, 1, 1, 0, 0, 1, 0, 1, 0, 1]",100,512,6
471,256,14.0,3356,5.622870917,"[1, 0, 1, 0, 0, 1, 0, 1, 1, 0, 0, 1, 1, 0, 0, 1, 0, 1, 0, 1]",100,512,6
472,512,14.0,3612,5.823571833999992,"[1, 0, 1, 0, 0, 1, 0, 1, 1, 0, 0, 1, 1, 0, 0, 1, 0, 1, 0, 1]",100,512,6
473,0,10.0,3612,5.891811999999987,"[0, 1, 1, 1, 0, 1, 1, 0, 0, 1, 1, 0, 0, 0, 1, 0, 0, 0, 1, 0]",100,512,7
474,1,10.0,3613,6.021418541999992,"[0, 1, 1, 1, 0, 1, 1, 0, 0, 1, 1, 0, 0, 0, 1, 0, 0, 0, 1, 0]",100,512,7
475,2,10.0,3614,6.172556791999995,"[0, 1, 1, 1, 0, 1, 1, 0, 0, 1, 1, 0, 0, 0, 1, 0, 0, 0, 1, 0]",100,512,7
476,4,10.0,3616,6.236852916999993,"[0, 1, 1, 1, 0, 1, 1, 0, 0, 1, 1, 0, 0, 0, 1, 0, 0, 0, 1, 0]",100,512,7
477,8,14.0,3622,6.302899916999991,"[0, 1, 0, 1, 0, 1, 1, 0, 0, 1, 1, 0, 1, 0, 1, 0, 0, 0, 1, 0]",100,512,7
478,16,14.0,3630,6.3695297919999945,"[0, 1, 0, 1, 0, 1, 1, 0, 0, 1, 1, 0, 1, 0, 1, 0, 0, 0, 1, 0]",100,512,7
479,32,14.0,3646,6.44088687499999,"[0, 1, 0, 1, 0, 1, 1, 0, 0, 1, 1, 0, 1, 0, 1, 0, 0, 0, 1, 0]",100,512,7
480,64,16.0,3679,6.5205914169999915,"[0, 1, 0, 1, 0, 1, 1, 0, 0, 1, 1, 0, 1, 0, 1, 0, 1, 0, 1, 0]",100,512,7
481,128,16.0,3743,6.617507666999998,"[0, 1, 0, 1, 0, 1, 1, 0, 0, 1, 1, 0, 1, 0, 1, 0, 1, 0, 1, 0]",100,512,7
482,256,16.0,3871,6.752978999999996,"[0, 1, 0, 1, 0, 1, 1, 0, 0, 1, 1, 0, 1, 0, 1, 0, 1, 0, 1, 0]",100,512,7
483,512,16.0,4127,6.9673304999999885,"[0, 1, 0, 1, 0, 1, 1, 0, 0, 1, 1, 0, 1, 0, 1, 0, 1, 0, 1, 0]",100,512,7
484,0,11.0,4127,7.031187624999987,"[0, 0, 1, 0, 0, 0, 0, 1, 0, 1, 0, 1, 1, 0, 0, 1, 1, 0, 1, 1]",100,512,8
485,1,11.0,4128,7.095897833999999,"[0, 0, 1, 0, 0, 0, 0, 1, 0, 1, 0, 1, 1, 0, 0, 1, 1, 0, 1, 1]",100,512,8
486,2,11.0,4129,7.160563416999992,"[0, 0, 1, 0, 0, 0, 0, 1, 0, 1, 0, 1, 1, 0, 0, 1, 1, 0, 1, 1]",100,512,8
487,4,11.0,4131,7.226409958999994,"[0, 0, 1, 0, 0, 0, 0, 1, 0, 1, 0, 1, 1, 0, 0, 1, 1, 0, 1, 1]",100,512,8
488,8,11.0,4135,7.293028833999998,"[0, 0, 1, 0, 0, 0, 0, 1, 0, 1, 0, 1, 1, 0, 0, 1, 1, 0, 1, 1]",100,512,8
489,16,13.0,4144,7.363203666999993,"[0, 0, 1, 0, 1, 0, 0, 1, 0, 1, 0, 1, 1, 0, 0, 1, 1, 0, 1, 1]",100,512,8
490,32,14.0,4161,7.4457796669999965,"[0, 0, 1, 0, 1, 0, 0, 1, 0, 1, 0, 1, 1, 0, 0, 1, 1, 0, 1, 0]",100,512,8
491,64,15.0,4194,7.529770458999991,"[1, 0, 1, 0, 1, 0, 0, 1, 0, 1, 0, 1, 1, 0, 0, 1, 1, 0, 1, 0]",100,512,8
492,128,15.0,4258,7.633167458999992,"[1, 0, 1, 0, 1, 0, 0, 1, 0, 1, 0, 1, 1, 0, 0, 1, 1, 0, 1, 0]",100,512,8
493,256,15.0,4386,7.7794088339999945,"[1, 0, 1, 0, 1, 0, 0, 1, 0, 1, 0, 1, 1, 0, 0, 1, 1, 0, 1, 0]",100,512,8
494,512,15.0,4642,8.015943166999989,"[1, 0, 1, 0, 1, 0, 0, 1, 0, 1, 0, 1, 1, 0, 0, 1, 1, 0, 1, 0]",100,512,8
495,0,6.0,4642,8.081786374999993,"[0, 1, 0, 0, 0, 0, 1, 1, 0, 1, 1, 1, 1, 1, 1, 0, 0, 0, 0, 0]",100,512,9
496,1,8.0,4644,8.148152083999989,"[0, 1, 0, 0, 0, 0, 1, 1, 0, 1, 1, 1, 1, 1, 1, 0, 0, 1, 0, 0]",100,512,9
497,2,8.0,4645,8.214016416999996,"[0, 1, 0, 0, 0, 0, 1, 1, 0, 1, 1, 1, 1, 1, 1, 0, 0, 1, 0, 0]",100,512,9
498,4,10.0,4648,8.2813455,"[0, 1, 0, 1, 0, 0, 1, 1, 0, 1, 1, 1, 1, 1, 1, 0, 0, 1, 0, 0]",100,512,9
499,8,12.0,4653,8.349131333999992,"[0, 1, 0, 1, 0, 0, 1, 1, 0, 1, 1, 1, 0, 1, 1, 0, 0, 1, 0, 0]",100,512,9
500,16,12.0,4661,8.419419916999999,"[0, 1, 0, 1, 0, 0, 1, 1, 0, 1, 1, 1, 0, 1, 1, 0, 0, 1, 0, 0]",100,512,9
501,32,14.0,4678,8.495959083999992,"[0, 1, 0, 1, 0, 0, 1, 1, 0, 1, 0, 1, 0, 1, 1, 0, 0, 1, 0, 0]",100,512,9
502,64,15.0,4711,8.583951749999997,"[0, 1, 0, 1, 0, 0, 1, 1, 0, 1, 0, 1, 0, 1, 1, 0, 0, 1, 0, 1]",100,512,9
503,128,15.0,4775,8.695293416999988,"[0, 1, 0, 1, 0, 0, 1, 1, 0, 1, 0, 1, 0, 1, 1, 0, 0, 1, 0, 1]",100,512,9
504,256,15.0,4903,8.852335749999995,"[0, 1, 0, 1, 0, 0, 1, 1, 0, 1, 0, 1, 0, 1, 1, 0, 0, 1, 0, 1]",100,512,9
505,512,15.0,5159,9.10697024999999,"[0, 1, 0, 1, 0, 0, 1, 1, 0, 1, 0, 1, 0, 1, 1, 0, 0, 1, 0, 1]",100,512,9
506,0,12.0,5159,9.174868999999987,"[0, 0, 1, 1, 0, 0, 1, 0, 1, 1, 0, 1, 0, 0, 1, 0, 1, 1, 1, 0]",100,512,10
507,1,12.0,5160,9.244358333999998,"[0, 0, 1, 1, 0, 0, 1, 0, 1, 1, 0, 1, 0, 0, 1, 0, 1, 1, 1, 0]",100,512,10
508,2,12.0,5161,9.312814499999988,"[0, 0, 1, 1, 0, 0, 1, 0, 1, 1, 0, 1, 0, 0, 1, 0, 1, 1, 1, 0]",100,512,10
509,4,13.0,5164,9.381924166999994,"[1, 0, 1, 1, 0, 0, 1, 0, 1, 1, 0, 1, 0, 0, 1, 0, 1, 1, 1, 0]",100,512,10
510,8,15.0,5169,9.453274291999989,"[1, 0, 1, 1, 0, 0, 1, 0, 1, 1, 0, 1, 0, 0, 1, 0, 1, 0, 1, 0]",100,512,10
511,16,15.0,5177,9.52746991699999,"[1, 0, 1, 1, 0, 0, 1, 0, 1, 1, 0, 1, 0, 0, 1, 0, 1, 0, 1, 0]",100,512,10
512,32,15.0,5193,9.605741916999989,"[1, 0, 1, 1, 0, 0, 1, 0, 1, 1, 0, 1, 0, 0, 1, 0, 1, 0, 1, 0]",100,512,10
513,64,15.0,5225,9.697437124999993,"[1, 0, 1, 1, 0, 0, 1, 0, 1, 1, 0, 1, 0, 0, 1, 0, 1, 0, 1, 0]",100,512,10
514,128,15.0,5289,9.816588833999987,"[1, 0, 1, 1, 0, 0, 1, 0, 1, 1, 0, 1, 0, 0, 1, 0, 1, 0, 1, 0]",100,512,10
515,256,15.0,5417,9.987786374999999,"[1, 0, 1, 1, 0, 0, 1, 0, 1, 1, 0, 1, 0, 0, 1, 0, 1, 0, 1, 0]",100,512,10
516,512,15.0,5673,10.270104999999987,"[1, 0, 1, 1, 0, 0, 1, 0, 1, 1, 0, 1, 0, 0, 1, 0, 1, 0, 1, 0]",100,512,10
517,0,9.0,5673,10.338854749999996,"[0, 1, 1, 0, 1, 0, 0, 0, 1, 0, 0, 1, 1, 1, 1, 0, 0, 0, 1, 1]",100,512,11
518,1,9.0,5674,10.409380666999994,"[0, 1, 1, 0, 1, 0, 0, 0, 1, 0, 0, 1, 1, 1, 1, 0, 0, 0, 1, 1]",100,512,11
519,2,9.0,5675,10.47985525,"[0, 1, 1, 0, 1, 0, 0, 0, 1, 0, 0, 1, 1, 1, 1, 0, 0, 0, 1, 1]",100,512,11
520,4,11.0,5678,10.549703791999988,"[0, 1, 1, 0, 1, 0, 1, 0, 1, 0, 0, 1, 1, 1, 1, 0, 0, 0, 1, 1]",100,512,11
521,8,13.0,5683,10.62141475,"[0, 1, 1, 0, 1, 0, 1, 0, 1, 0, 0, 1, 1, 1, 1, 0, 1, 0, 1, 1]",100,512,11
522,16,14.0,5692,10.695763874999997,"[0, 1, 1, 0, 1, 0, 1, 0, 1, 0, 0, 1, 1, 1, 1, 0, 1, 0, 1, 0]",100,512,11
523,32,16.0,5709,10.777308833999996,"[0, 1, 1, 0, 1, 0, 1, 0, 1, 0, 0, 1, 1, 0, 1, 0, 1, 0, 1, 0]",100,512,11
524,64,16.0,5741,10.872335291999988,"[0, 1, 1, 0, 1, 0, 1, 0, 1, 0, 0, 1, 1, 0, 1, 0, 1, 0, 1, 0]",100,512,11
525,128,16.0,5805,10.994477624999988,"[0, 1, 1, 0, 1, 0, 1, 0, 1, 0, 0, 1, 1, 0, 1, 0, 1, 0, 1, 0]",100,512,11
526,256,16.0,5933,11.172386291999999,"[0, 1, 1, 0, 1, 0, 1, 0, 1, 0, 0, 1, 1, 0, 1, 0, 1, 0, 1, 0]",100,512,11
527,512,16.0,6189,11.467266874999993,"[0, 1, 1, 0, 1, 0, 1, 0, 1, 0, 0, 1, 1, 0, 1, 0, 1, 0, 1, 0]",100,512,11
528,0,11.0,6189,11.53709112499999,"[0, 1, 0, 1, 1, 1, 0, 0, 0, 0, 1, 1, 0, 1, 1, 0, 1, 1, 0, 1]",100,512,12
529,1,11.0,6190,11.607204958999986,"[0, 1, 0, 1, 1, 1, 0, 0, 0, 0, 1, 1, 0, 1, 1, 0, 1, 1, 0, 1]",100,512,12
530,2,11.0,6191,11.676592666999994,"[0, 1, 0, 1, 1, 1, 0, 0, 0, 0, 1, 1, 0, 1, 1, 0, 1, 1, 0, 1]",100,512,12
531,4,13.0,6194,11.748116041999992,"[0, 1, 0, 1, 0, 1, 0, 0, 0, 0, 1, 1, 0, 1, 1, 0, 1, 1, 0, 1]",100,512,12
532,8,13.0,6198,11.822069416999994,"[0, 1, 0, 1, 0, 1, 0, 0, 0, 0, 1, 1, 0, 1, 1, 0, 1, 1, 0, 1]",100,512,12
533,16,15.0,6207,11.899859458999998,"[0, 1, 0, 1, 0, 1, 0, 1, 0, 0, 1, 1, 0, 1, 1, 0, 1, 1, 0, 1]",100,512,12
534,32,15.0,6223,11.984277833999997,"[0, 1, 0, 1, 0, 1, 0, 1, 0, 0, 1, 1, 0, 1, 1, 0, 1, 1, 0, 1]",100,512,12
535,64,15.0,6255,12.082743958999998,"[0, 1, 0, 1, 0, 1, 0, 1, 0, 0, 1, 1, 0, 1, 1, 0, 1, 1, 0, 1]",100,512,12
536,128,15.0,6319,12.211879958999987,"[0, 1, 0, 1, 0, 1, 0, 1, 0, 0, 1, 1, 0, 1, 1, 0, 1, 1, 0, 1]",100,512,12
537,256,15.0,6447,12.40109975,"[0, 1, 0, 1, 0, 1, 0, 1, 0, 0, 1, 1, 0, 1, 1, 0, 1, 1, 0, 1]",100,512,12
538,512,15.0,6703,12.71672749999999,"[0, 1, 0, 1, 0, 1, 0, 1, 0, 0, 1, 1, 0, 1, 1, 0, 1, 1, 0, 1]",100,512,12
539,0,9.0,6703,12.788833249999996,"[1, 0, 0, 1, 1, 1, 0, 1, 1, 1, 1, 0, 0, 1, 0, 0, 0, 1, 0, 0]",100,512,13
540,1,9.0,6704,12.86104941699999,"[1, 0, 0, 1, 1, 1, 0, 1, 1, 1, 1, 0, 0, 1, 0, 0, 0, 1, 0, 0]",100,512,13
541,2,10.0,6706,12.932636333999994,"[1, 0, 0, 1, 1, 1, 0, 1, 1, 1, 1, 0, 0, 1, 0, 0, 0, 1, 0, 1]",100,512,13
542,4,10.0,6708,13.005205749999988,"[1, 0, 0, 1, 1, 1, 0, 1, 1, 1, 1, 0, 0, 1, 0, 0, 0, 1, 0, 1]",100,512,13
543,8,14.0,6714,13.080397291999986,"[1, 0, 0, 1, 0, 1, 0, 1, 1, 0, 1, 0, 0, 1, 0, 0, 0, 1, 0, 1]",100,512,13
544,16,16.0,6723,13.15798641699999,"[1, 0, 0, 1, 0, 1, 0, 1, 1, 0, 1, 0, 0, 1, 0, 1, 0, 1, 0, 1]",100,512,13
545,32,16.0,6739,13.244151624999986,"[1, 0, 0, 1, 0, 1, 0, 1, 1, 0, 1, 0, 0, 1, 0, 1, 0, 1, 0, 1]",100,512,13
546,64,16.0,6771,13.346502208999993,"[1, 0, 0, 1, 0, 1, 0, 1, 1, 0, 1, 0, 0, 1, 0, 1, 0, 1, 0, 1]",100,512,13
547,128,16.0,6835,13.481677667,"[1, 0, 0, 1, 0, 1, 0, 1, 1, 0, 1, 0, 0, 1, 0, 1, 0, 1, 0, 1]",100,512,13
548,256,16.0,6963,13.698786124999998,"[1, 0, 0, 1, 0, 1, 0, 1, 1, 0, 1, 0, 0, 1, 0, 1, 0, 1, 0, 1]",100,512,13
549,512,16.0,7219,14.035886583999996,"[1, 0, 0, 1, 0, 1, 0, 1, 1, 0, 1, 0, 0, 1, 0, 1, 0, 1, 0, 1]",100,512,13
550,0,9.0,7219,14.110373249999995,"[1, 0, 0, 1, 1, 1, 0, 1, 0, 0, 0, 1, 1, 1, 0, 1, 0, 0, 0, 0]",100,512,14
551,1,11.0,7221,14.184344041999992,"[1, 0, 0, 1, 1, 1, 0, 1, 0, 1, 0, 1, 1, 1, 0, 1, 0, 0, 0, 0]",100,512,14
552,2,11.0,7222,14.257738583999995,"[1, 0, 0, 1, 1, 1, 0, 1, 0, 1, 0, 1, 1, 1, 0, 1, 0, 0, 0, 0]",100,512,14
553,4,11.0,7224,14.332960666999995,"[1, 0, 0, 1, 1, 1, 0, 1, 0, 1, 0, 1, 1, 1, 0, 1, 0, 0, 0, 0]",100,512,14
554,8,14.0,7230,14.410764125,"[1, 0, 0, 1, 1, 1, 0, 1, 0, 1, 0, 1, 0, 1, 0, 1, 0, 0, 0, 1]",100,512,14
555,16,16.0,7239,14.4910565,"[1, 0, 0, 1, 0, 1, 0, 1, 0, 1, 0, 1, 0, 1, 0, 1, 0, 0, 0, 1]",100,512,14
556,32,16.0,7255,14.580450916999993,"[1, 0, 0, 1, 0, 1, 0, 1, 0, 1, 0, 1, 0, 1, 0, 1, 0, 0, 0, 1]",100,512,14
557,64,18.0,7288,14.686632249999988,"[1, 0, 0, 1, 0, 1, 0, 1, 0, 1, 0, 1, 0, 1, 0, 1, 0, 1, 0, 1]",100,512,14
558,128,18.0,7352,14.829114374999989,"[1, 0, 0, 1, 0, 1, 0, 1, 0, 1, 0, 1, 0, 1, 0, 1, 0, 1, 0, 1]",100,512,14
559,256,18.0,7480,15.039630208999995,"[1, 0, 0, 1, 0, 1, 0, 1, 0, 1, 0, 1, 0, 1, 0, 1, 0, 1, 0, 1]",100,512,14
560,512,18.0,7736,15.396565291999991,"[1, 0, 0, 1, 0, 1, 0, 1, 0, 1, 0, 1, 0, 1, 0, 1, 0, 1, 0, 1]",100,512,14
561,0,4.0,7736,15.470651666999998,"[1, 1, 1, 0, 0, 0, 1, 1, 1, 1, 0, 0, 0, 0, 0, 0, 0, 0, 1, 1]",100,512,15
562,1,4.0,7737,15.545863958999988,"[1, 1, 1, 0, 0, 0, 1, 1, 1, 1, 0, 0, 0, 0, 0, 0, 0, 0, 1, 1]",100,512,15
563,2,6.0,7739,15.619908624999994,"[1, 1, 1, 0, 1, 0, 1, 1, 1, 1, 0, 0, 0, 0, 0, 0, 0, 0, 1, 1]",100,512,15
564,4,8.0,7742,15.69586129199999,"[1, 1, 1, 0, 1, 0, 1, 1, 1, 1, 0, 0, 1, 0, 0, 0, 0, 0, 1, 1]",100,512,15
565,8,10.0,7747,15.77428308399999,"[1, 1, 1, 0, 1, 0, 1, 1, 1, 1, 0, 0, 1, 0, 1, 0, 0, 0, 1, 1]",100,512,15
566,16,12.0,7756,15.856713,"[1, 1, 1, 0, 1, 0, 1, 0, 1, 1, 0, 0, 1, 0, 1, 0, 0, 0, 1, 1]",100,512,15
567,32,16.0,7775,15.948023374999991,"[0, 1, 1, 0, 1, 0, 1, 0, 1, 1, 0, 0, 1, 0, 1, 0, 1, 0, 1, 0]",100,512,15
568,64,16.0,7807,16.057264667,"[0, 1, 1, 0, 1, 0, 1, 0, 1, 1, 0, 0, 1, 0, 1, 0, 1, 0, 1, 0]",100,512,15
569,128,16.0,7871,16.20472654199999,"[0, 1, 1, 0, 1, 0, 1, 0, 1, 1, 0, 0, 1, 0, 1, 0, 1, 0, 1, 0]",100,512,15
570,256,16.0,7999,16.426839208999994,"[0, 1, 1, 0, 1, 0, 1, 0, 1, 1, 0, 0, 1, 0, 1, 0, 1, 0, 1, 0]",100,512,15
571,512,16.0,8255,16.80340691699999,"[0, 1, 1, 0, 1, 0, 1, 0, 1, 1, 0, 0, 1, 0, 1, 0, 1, 0, 1, 0]",100,512,15
572,0,9.0,8255,16.879586166999985,"[0, 0, 0, 0, 1, 1, 0, 1, 1, 0, 0, 1, 1, 1, 1, 0, 1, 0, 0, 1]",100,512,16
573,1,9.0,8256,16.956558541999982,"[0, 0, 0, 0, 1, 1, 0, 1, 1, 0, 0, 1, 1, 1, 1, 0, 1, 0, 0, 1]",100,512,16
574,2,10.0,8258,17.03224799999998,"[1, 0, 0, 0, 1, 1, 0, 1, 1, 0, 0, 1, 1, 1, 1, 0, 1, 0, 0, 1]",100,512,16
575,4,12.0,8261,17.110030292000005,"[1, 0, 0, 0, 1, 1, 0, 1, 1, 0, 0, 1, 0, 1, 1, 0, 1, 0, 0, 1]",100,512,16
576,8,12.0,8265,17.190177541999986,"[1, 0, 0, 0, 1, 1, 0, 1, 1, 0, 0, 1, 0, 1, 1, 0, 1, 0, 0, 1]",100,512,16
577,16,12.0,8273,17.275409499999995,"[1, 0, 0, 0, 1, 1, 0, 1, 1, 0, 0, 1, 0, 1, 1, 0, 1, 0, 0, 1]",100,512,16
578,32,14.0,8290,17.370511916999988,"[1, 0, 1, 0, 1, 1, 0, 1, 1, 0, 0, 1, 0, 1, 1, 0, 1, 0, 0, 1]",100,512,16
579,64,14.0,8322,17.483835459000005,"[1, 0, 1, 0, 1, 1, 0, 1, 1, 0, 0, 1, 0, 1, 1, 0, 1, 0, 0, 1]",100,512,16
580,128,14.0,8386,17.636987500000004,"[1, 0, 1, 0, 1, 1, 0, 1, 1, 0, 0, 1, 0, 1, 1, 0, 1, 0, 0, 1]",100,512,16
581,256,14.0,8514,17.869342875,"[1, 0, 1, 0, 1, 1, 0, 1, 1, 0, 0, 1, 0, 1, 1, 0, 1, 0, 0, 1]",100,512,16
582,512,14.0,8770,18.267375541999996,"[1, 0, 1, 0, 1, 1, 0, 1, 1, 0, 0, 1, 0, 1, 1, 0, 1, 0, 0, 1]",100,512,16
583,0,10.0,8770,18.344549999999998,"[0, 0, 0, 1, 1, 1, 0, 1, 0, 1, 0, 1, 1, 1, 0, 0, 0, 1, 0, 0]",100,512,17
584,1,10.0,8771,18.424095542000003,"[0, 0, 0, 1, 1, 1, 0, 1, 0, 1, 0, 1, 1, 1, 0, 0, 0, 1, 0, 0]",100,512,17
585,2,10.0,8772,18.501547499999987,"[0, 0, 0, 1, 1, 1, 0, 1, 0, 1, 0, 1, 1, 1, 0, 0, 0, 1, 0, 0]",100,512,17
586,4,11.0,8775,18.580058667000003,"[0, 0, 0, 1, 1, 1, 0, 1, 0, 1, 0, 1, 1, 1, 0, 0, 0, 1, 0, 1]",100,512,17
587,8,17.0,8782,18.661501334000008,"[0, 1, 0, 1, 1, 1, 0, 1, 0, 1, 0, 1, 0, 1, 0, 1, 0, 1, 0, 1]",100,512,17
588,16,19.0,8789,18.746355083999987,"[0, 1, 0, 1, 0, 1, 0, 1, 0, 1, 0, 1, 0, 1, 0, 1, 0, 1, 0, 1]",100,512,17
589,32,19.0,8789,18.746355083999987,"[0, 1, 0, 1, 0, 1, 0, 1, 0, 1, 0, 1, 0, 1, 0, 1, 0, 1, 0, 1]",100,512,17
590,64,19.0,8789,18.746355083999987,"[0, 1, 0, 1, 0, 1, 0, 1, 0, 1, 0, 1, 0, 1, 0, 1, 0, 1, 0, 1]",100,512,17
591,128,19.0,8789,18.746355083999987,"[0, 1, 0, 1, 0, 1, 0, 1, 0, 1, 0, 1, 0, 1, 0, 1, 0, 1, 0, 1]",100,512,17
592,256,19.0,8789,18.746355083999987,"[0, 1, 0, 1, 0, 1, 0, 1, 0, 1, 0, 1, 0, 1, 0, 1, 0, 1, 0, 1]",100,512,17
593,512,19.0,8789,18.746355083999987,"[0, 1, 0, 1, 0, 1, 0, 1, 0, 1, 0, 1, 0, 1, 0, 1, 0, 1, 0, 1]",100,512,17
